,Price,Age,KM,HP,MetColor,Automatic,CC,Weight,FuelType_CNG,FuelType_Diesel,FuelType_Petrol,Doors_2,Doors_3,Doors_4,Doors_5
0,13500,23.0,46986.0,90.0,1.0,0,2000,1165,0,1,0,0,1,0,0
1,13750,23.0,72937.0,90.0,1.0,0,2000,1165,0,1,0,0,1,0,0
2,13950,24.0,41711.0,90.0,1.0,0,2000,1165,0,1,0,0,1,0,0
3,14950,26.0,48000.0,90.0,0.0,0,2000,1165,0,1,0,0,1,0,0
4,13750,30.0,38500.0,90.0,0.0,0,2000,1170,0,1,0,0,1,0,0
5,12950,32.0,61000.0,90.0,0.0,0,2000,1170,0,1,0,0,1,0,0
6,16900,27.0,63634.0,101.0,1.0,0,2000,1245,0,1,0,0,1,0,0
7,18600,30.0,75889.0,90.0,1.0,0,2000,1245,0,0,1,0,1,0,0
8,21500,27.0,19700.0,192.0,0.0,0,1800,1185,0,0,1,0,1,0,0
9,12950,23.0,71138.0,101.0,1.0,0,1900,1105,0,1,0,0,1,0,0
10,20950,25.0,31461.0,192.0,0.0,0,1800,1185,0,0,1,0,1,0,0
11,19950,22.0,43610.0,192.0,0.0,0,1800,1185,0,0,1,0,1,0,0
12,19600,25.0,32189.0,192.0,0.0,0,1800,1185,0,0,1,0,1,0,0
13,21500,31.0,23000.0,192.0,1.0,0,1800,1185,0,0,1,0,1,0,0
14,22500,32.0,34131.0,192.0,1.0,0,1800,1185,0,0,1,0,1,0,0
15,22000,28.0,18739.0,101.0,0.0,0,1800,1185,0,0,1,0,1,0,0
16,22750,30.0,34000.0,192.0,1.0,0,1800,1185,0,0,1,0,1,0,0
17,17950,24.0,21716.0,110.0,1.0,0,1600,1105,0,0,1,0,1,0,0
18,16750,24.0,25563.0,110.0,0.0,0,1600,1065,0,0,1,0,1,0,0
19,16950,30.0,64359.0,110.0,1.0,0,1600,1105,0,0,1,0,1,0,0
20,15950,30.0,67660.0,110.0,1.0,0,1600,1105,0,0,1,0,1,0,0
21,16950,29.0,43905.0,110.0,0.0,1,1600,1170,0,0,1,0,1,0,0
22,15950,28.0,56349.0,110.0,1.0,0,1600,1120,0,0,1,0,1,0,0
23,16950,28.0,32220.0,110.0,1.0,0,1600,1120,0,0,1,0,1,0,0
24,16250,29.0,25813.0,110.0,1.0,0,1600,1120,0,0,1,0,1,0,0
25,15950,25.0,28450.0,110.0,1.0,0,1600,1120,0,0,1,0,1,0,0
26,17495,27.0,34545.0,110.0,1.0,0,1600,1120,0,0,1,0,1,0,0
27,15750,29.0,41415.0,110.0,1.0,0,1600,1120,0,0,1,0,1,0,0
28,16950,28.0,44142.0,110.0,0.0,0,1600,1120,0,0,1,0,1,0,0
29,17950,30.0,11090.0,110.0,1.0,0,1600,1120,0,0,1,0,1,0,0
30,12950,29.0,9750.0,97.0,1.0,0,1400,1100,0,0,1,0,1,0,0
31,15750,22.0,35199.0,97.0,1.0,0,1400,1100,0,0,1,0,1,0,0
32,15950,27.0,29510.0,97.0,1.0,0,1400,1100,0,0,1,0,1,0,0
33,14950,56.0,32692.0,97.0,1.0,0,1400,1100,0,0,1,0,1,0,0
34,15500,22.0,41000.0,97.0,1.0,0,1400,1100,0,0,1,0,1,0,0
35,15750,26.0,43000.0,97.0,0.0,0,1400,1100,0,0,1,0,1,0,0
36,15950,25.0,25000.0,97.0,0.0,0,1400,1100,0,0,1,0,1,0,0
37,14950,23.0,10000.0,97.0,1.0,0,1400,1100,0,0,1,0,1,0,0
38,15750,32.0,25329.0,97.0,1.0,0,1400,1100,0,0,1,0,1,0,0
39,14750,27.0,27500.0,97.0,0.0,0,1400,1100,0,0,1,0,1,0,0
40,13950,22.0,49059.0,97.0,0.0,0,1400,1100,0,0,1,0,1,0,0
41,16750,27.0,44068.0,97.0,1.0,0,1400,1100,0,0,1,0,1,0,0
42,13950,22.0,46961.0,97.0,0.0,0,1400,1100,0,0,1,0,1,0,0
43,16950,27.0,110404.0,90.0,1.0,0,2000,1255,0,1,0,0,0,0,1
44,16950,22.0,100250.0,90.0,0.0,0,2000,1255,0,0,1,0,0,0,1
45,19000,23.0,84000.0,90.0,1.0,0,2000,1270,0,1,0,0,0,0,1
46,17950,27.0,79375.0,90.0,1.0,0,2000,1255,0,1,0,0,0,0,1
47,15800,22.0,75048.0,97.0,1.0,0,1400,1110,0,0,1,0,0,0,1
48,17950,22.0,72215.0,90.0,1.0,0,2000,1255,0,1,0,0,0,0,1
49,21950,31.0,64982.0,192.0,1.0,0,1800,1195,0,0,1,0,0,0,1
50,17950,22.0,62636.0,90.0,1.0,0,2000,1255,0,1,0,0,0,0,1
51,15750,30.0,57086.0,97.0,1.0,0,1400,1110,0,0,1,0,0,0,1
52,20500,26.0,56000.0,110.0,1.0,1,1600,1180,0,0,1,0,0,0,1
53,21950,27.0,49866.0,192.0,1.0,0,1800,1195,0,0,1,0,0,0,1
54,15500,25.0,49163.0,110.0,0.0,1,1600,1165,0,0,1,0,0,0,1
55,13250,56.0,45725.0,110.0,1.0,0,1600,1075,0,0,1,0,0,0,1
56,15250,28.0,43210.0,97.0,0.0,0,1400,1110,0,0,1,0,0,0,1
57,15250,26.0,43000.0,97.0,0.0,0,1400,1110,0,0,1,0,0,0,1
58,18950,23.0,39704.0,110.0,1.0,1,1600,1180,0,0,1,0,0,0,1
59,15999,30.0,38950.0,110.0,1.0,0,1600,1130,0,0,1,0,0,0,1
60,14950,22.0,37400.0,97.0,1.0,0,1400,1110,0,0,1,0,0,0,1
61,16500,27.0,37177.0,110.0,1.0,0,1600,1130,0,0,1,0,0,0,1
62,18750,31.0,36544.0,110.0,1.0,0,1600,1130,0,0,1,0,0,0,1
63,17950,30.0,33511.0,110.0,1.0,0,1600,1130,0,0,1,0,0,0,1
64,17950,27.0,63634.0,97.0,1.0,0,1400,1110,0,0,1,0,0,0,1
65,16950,26.0,32181.0,110.0,1.0,0,1600,1075,0,0,1,0,0,0,1
66,18950,28.0,30993.0,110.0,1.0,0,1600,1130,0,0,1,0,0,0,1
67,14950,22.0,30400.0,97.0,1.0,0,1400,1110,0,0,1,0,0,0,1
68,22250,22.0,30000.0,110.0,1.0,0,2000,1275,0,1,0,0,0,0,1
69,15950,25.0,29719.0,97.0,1.0,0,1400,1110,0,0,1,0,0,0,1
70,15950,28.0,29206.0,97.0,1.0,0,1400,1110,0,0,1,0,0,0,1
71,12995,32.0,29198.0,97.0,1.0,0,1400,1060,0,0,1,0,0,0,1
72,18950,28.0,28817.0,110.0,1.0,0,1598,1130,0,0,1,0,0,0,1
73,15750,23.0,28227.0,97.0,1.0,0,1400,1110,0,0,1,0,0,0,1
74,19950,28.0,28000.0,110.0,0.0,0,1600,1130,0,0,1,0,0,0,1
75,16950,23.0,28000.0,110.0,1.0,0,1600,1115,0,0,1,0,0,0,1
76,18750,31.0,25266.0,110.0,1.0,0,1600,1130,0,0,1,0,0,0,1
77,18450,27.0,23489.0,110.0,0.0,0,1600,1115,0,0,1,0,0,0,1
78,16895,29.0,22575.0,110.0,1.0,0,1600,1115,0,0,1,0,0,0,1
79,14900,30.0,22000.0,97.0,1.0,0,1400,1110,0,0,1,0,0,0,1
80,18950,25.0,20019.0,110.0,1.0,1,1600,1180,0,0,1,0,0,0,1
81,17250,29.0,20000.0,110.0,1.0,0,1600,1115,0,0,1,0,0,0,1
82,15450,25.0,17003.0,97.0,1.0,0,1400,1110,0,0,1,0,0,0,1
83,17950,56.0,16238.0,110.0,1.0,1,1600,1180,0,0,1,0,0,0,1
84,16650,25.0,15414.0,97.0,1.0,0,1400,1110,0,0,1,0,0,0,1
85,17450,28.0,8537.0,110.0,1.0,0,1600,1130,0,0,1,0,0,0,1
86,14900,30.0,7000.0,97.0,1.0,0,1400,1100,0,0,1,0,0,0,1
87,17950,20.0,66966.0,90.0,1.0,0,2000,1245,0,1,0,0,1,0,0
88,15950,19.0,51884.0,97.0,1.0,0,1400,1100,0,0,1,0,1,0,0
89,21950,19.0,50005.0,110.0,1.0,0,2000,1265,0,1,0,0,1,0,0
90,16450,20.0,48110.0,97.0,1.0,0,1400,1100,0,0,1,0,1,0,0
91,22250,20.0,63634.0,90.0,1.0,0,2000,1260,0,1,0,0,1,0,0
92,19950,56.0,34472.0,90.0,1.0,0,1995,1260,0,1,0,0,1,0,0
93,15950,20.0,33329.0,97.0,1.0,0,1400,1100,0,0,1,0,1,0,0
94,18900,20.0,31850.0,110.0,0.0,0,1600,1120,0,0,1,0,1,0,0
95,19950,17.0,30351.0,90.0,1.0,0,1995,1260,0,1,0,0,1,0,0
96,15950,19.0,29435.0,97.0,1.0,0,1400,1100,0,0,1,0,1,0,0
97,15950,19.0,25948.0,97.0,1.0,0,1400,1100,0,0,1,0,1,0,0
98,18750,11.0,24500.0,110.0,1.0,0,1600,1120,0,0,1,0,1,0,0
99,17450,18.0,23902.0,97.0,1.0,0,1400,1100,0,0,1,0,1,0,0
100,18990,20.0,23175.0,110.0,1.0,0,1600,1120,0,0,1,0,1,0,0
101,16250,19.0,19200.0,97.0,1.0,0,1400,1100,0,0,1,0,1,0,0
102,18500,13.0,18000.0,71.0,0.0,0,1400,1125,0,0,1,0,1,0,0
103,18500,11.0,16123.0,110.0,1.0,0,1600,1105,0,0,1,0,1,0,0
104,19450,11.0,14635.0,110.0,1.0,1,1600,1155,0,0,1,0,1,0,0
105,16950,56.0,13748.0,97.0,1.0,0,1400,1100,0,0,1,0,1,0,0
106,18800,14.0,11500.0,110.0,1.0,0,1600,1045,0,0,1,0,1,0,0
107,17450,17.0,10000.0,97.0,1.0,0,1400,1100,0,0,1,0,1,0,0
108,17950,20.0,7187.0,110.0,1.0,0,1600,1105,0,0,1,0,1,0,0
109,32500,56.0,1.0,116.0,0.0,0,2000,1480,0,0,1,0,0,0,1
110,31000,4.0,4000.0,116.0,1.0,0,2000,1480,0,1,0,0,0,0,1
111,31275,4.0,1500.0,116.0,1.0,0,2000,1480,0,1,0,0,0,0,1
112,24950,8.0,63634.0,116.0,1.0,0,2000,1320,0,1,0,0,0,0,1
113,24950,8.0,13253.0,116.0,1.0,0,2000,1320,0,1,0,0,0,0,1
114,22950,7.0,10000.0,116.0,1.0,0,2000,1270,0,1,0,0,0,0,1
115,24990,8.0,6000.0,90.0,1.0,0,2000,1280,0,1,0,0,0,0,1
116,21950,8.0,10841.0,90.0,1.0,0,2000,1270,0,0,1,0,0,0,1
117,17900,56.0,1.0,110.0,1.0,0,1600,1105,0,0,1,0,1,0,0
118,19250,20.0,63000.0,90.0,1.0,0,2000,1255,0,1,0,0,0,0,1
119,22250,56.0,57313.0,110.0,1.0,0,2000,1275,0,0,1,0,0,0,1
120,18950,13.0,57037.0,110.0,0.0,0,1600,1115,0,0,1,0,0,0,1
121,19950,19.0,51099.0,90.0,1.0,0,2000,1255,0,0,1,0,0,0,1
122,16350,14.0,40010.0,110.0,1.0,0,1600,1115,0,0,1,0,0,0,1
123,18950,20.0,39115.0,110.0,1.0,0,1600,1130,0,0,1,0,0,0,1
124,16950,17.0,36012.0,110.0,0.0,0,1600,1130,0,0,1,0,0,0,1
125,21750,16.0,63634.0,110.0,1.0,0,1600,1130,0,0,1,0,0,0,1
126,15950,20.0,36000.0,110.0,1.0,0,1600,1075,0,0,1,0,0,0,1
127,16500,20.0,35000.0,97.0,1.0,0,1400,1110,0,0,1,0,0,0,1
128,17950,17.0,33740.0,97.0,1.0,0,1400,1135,0,0,1,0,0,0,1
129,15850,13.0,33477.0,110.0,1.0,0,1600,1075,0,0,1,0,0,0,1
130,16250,20.0,32627.0,97.0,1.0,0,1400,1110,0,0,1,0,0,0,1
131,15950,20.0,63634.0,97.0,1.0,0,1400,1110,0,0,1,0,0,0,1
132,16250,19.0,29441.0,97.0,1.0,0,1400,1110,0,0,1,0,0,0,1
133,15950,13.0,29371.0,110.0,1.0,0,1600,1105,0,0,1,0,0,1,0
134,16500,20.0,29000.0,97.0,0.0,0,1400,1110,0,0,1,0,0,0,1
135,16500,19.0,27821.0,97.0,0.0,0,1400,1110,0,0,1,0,0,0,1
136,18450,19.0,27371.0,97.0,0.0,0,1400,1135,0,0,1,0,0,0,1
137,16250,13.0,25170.0,110.0,1.0,0,1600,1105,0,0,1,0,0,0,1
138,23000,11.0,25000.0,116.0,1.0,0,2000,1320,0,1,0,0,0,0,1
139,19900,20.0,23000.0,110.0,1.0,0,1600,1130,0,0,1,0,0,0,1
140,16450,20.0,22588.0,97.0,1.0,0,1400,1110,0,0,1,0,0,0,1
141,23950,19.0,21684.0,192.0,1.0,0,1800,1185,0,0,1,0,0,0,1
142,19950,13.0,21428.0,110.0,1.0,0,1600,1130,0,0,1,0,0,0,1
143,18500,16.0,20629.0,110.0,1.0,0,1600,1090,0,0,1,0,0,1,0
144,18950,15.0,20270.0,110.0,1.0,0,1600,1130,0,0,1,0,0,0,1
145,16450,16.0,20105.0,97.0,0.0,0,1400,1110,0,0,1,0,0,0,1
146,20500,20.0,20000.0,110.0,0.0,1,1600,1165,0,0,1,0,0,0,1
147,24500,13.0,19988.0,110.0,1.0,0,1600,1130,0,0,1,0,0,0,1
148,19450,19.0,18328.0,110.0,0.0,0,1600,1130,0,0,1,0,0,0,1
149,20950,14.0,17896.0,110.0,1.0,1,1600,1150,0,0,1,0,0,1,0
150,17200,20.0,17300.0,97.0,1.0,0,1400,1110,0,0,1,0,0,0,1
151,19950,19.0,17038.0,110.0,0.0,0,1600,1130,0,0,1,0,0,0,1
152,18450,10.0,13747.0,97.0,1.0,0,1400,1110,0,0,1,0,0,0,1
153,19500,12.0,13634.0,110.0,1.0,0,1600,1115,0,0,1,0,0,0,1
154,21750,13.0,13178.0,110.0,1.0,0,1600,1130,0,0,1,0,0,0,1
155,16868,15.0,13157.0,97.0,1.0,0,1400,1085,0,0,1,0,0,1,0
156,19500,16.0,13000.0,110.0,1.0,0,1600,1105,0,0,1,0,0,1,0
157,18900,11.0,12500.0,110.0,1.0,0,1600,1115,0,0,1,0,0,0,1
158,19750,17.0,11999.0,110.0,1.0,0,1600,1130,0,0,1,0,0,0,1
159,19750,16.0,11754.0,110.0,0.0,1,1600,1180,0,0,1,0,0,0,1
160,18950,16.0,11000.0,110.0,1.0,0,1600,1105,0,0,1,0,0,1,0
161,20750,17.0,10000.0,110.0,0.0,0,1598,1105,0,0,1,0,0,0,1
162,19600,9.0,7650.0,110.0,1.0,0,1600,1115,0,0,1,0,0,0,1
163,19500,14.0,6500.0,110.0,1.0,0,1600,1100,0,0,1,0,0,1,0
164,17650,11.0,6155.0,97.0,1.0,0,1400,1110,0,0,1,0,0,0,1
165,19950,14.0,6000.0,110.0,0.0,0,1600,1130,0,0,1,0,0,0,1
166,19950,14.0,5459.0,110.0,1.0,0,1600,1130,0,0,1,0,0,0,1
167,20950,14.0,5278.0,110.0,1.0,1,1600,1150,0,0,1,0,0,1,0
168,20500,12.0,5000.0,110.0,1.0,0,1600,1130,0,0,1,0,0,0,1
169,17795,9.0,1.0,98.0,1.0,0,1400,1065,0,0,1,0,0,1,0
170,18245,9.0,1.0,110.0,1.0,0,1600,1075,0,0,1,0,0,0,1
171,23750,8.0,11000.0,110.0,1.0,0,1600,1130,0,0,1,0,0,0,1
172,19500,8.0,10077.0,97.0,1.0,0,1400,1110,0,0,1,0,0,0,1
173,18950,8.0,10000.0,97.0,1.0,0,1400,1110,0,0,1,0,0,0,1
174,21950,8.0,9788.0,110.0,1.0,0,1600,1130,0,0,1,0,0,0,1
175,19950,8.0,8574.0,110.0,1.0,0,1600,1130,0,0,1,0,0,0,1
176,18950,8.0,7000.0,110.0,0.0,0,1600,1115,0,0,1,0,0,0,1
177,19950,7.0,6250.0,110.0,1.0,0,1600,1115,0,0,1,0,0,0,1
178,21950,8.0,5000.0,110.0,1.0,0,1600,1130,0,0,1,0,0,0,1
179,22500,6.0,3000.0,110.0,0.0,0,1600,1130,0,0,1,0,0,0,1
180,18500,7.0,2000.0,110.0,0.0,0,1600,1075,0,0,1,0,0,0,1
181,18700,7.0,450.0,97.0,1.0,0,1400,1110,0,0,1,0,0,0,1
182,21125,2.0,225.0,97.0,1.0,0,1400,1110,0,0,1,0,0,0,1
183,21500,56.0,15.0,110.0,1.0,0,1600,1130,0,0,1,0,0,0,1
184,17795,1.0,1.0,98.0,1.0,0,1400,1100,0,0,1,0,0,1,0
185,18245,1.0,1.0,110.0,1.0,0,1600,1075,0,0,1,0,0,0,1
186,6950,43.0,243000.0,69.0,0.0,0,1900,1110,0,1,0,0,1,0,0
187,9500,38.0,180638.0,90.0,0.0,0,2000,1160,0,1,0,0,0,1,0
188,11950,40.0,179860.0,90.0,1.0,0,2000,1205,0,1,0,0,0,0,1
189,7750,43.0,178858.0,110.0,0.0,0,1600,1084,1,0,0,0,1,0,0
190,11950,40.0,161000.0,69.0,1.0,0,1900,1105,0,1,0,0,1,0,0
191,4350,44.0,158320.0,69.0,0.0,0,1800,1110,0,1,0,0,0,0,1
192,4750,44.0,131273.0,69.0,1.0,0,1800,1110,0,1,0,0,0,0,1
193,11750,40.0,130062.0,69.0,1.0,0,1900,1140,0,1,0,0,0,0,1
194,13250,41.0,123425.0,69.0,1.0,0,1900,1140,0,1,0,0,0,0,1
195,11950,37.0,118217.0,110.0,1.0,0,1600,1075,0,0,1,0,0,0,1
196,11900,44.0,110000.0,69.0,1.0,0,1900,1095,0,1,0,0,0,0,1
197,14750,39.0,108847.0,90.0,1.0,0,2000,1205,0,1,0,0,0,0,1
198,9950,42.0,105699.0,97.0,1.0,0,1400,1025,0,0,1,0,1,0,0
199,11950,56.0,98823.0,110.0,1.0,0,1600,1119,1,0,0,0,0,0,1
200,11495,44.0,96829.0,110.0,1.0,0,1600,1075,0,0,1,0,0,0,1
201,11250,40.0,96518.0,97.0,1.0,0,1400,1025,0,0,1,0,1,0,0
202,10500,42.0,92204.0,110.0,1.0,0,1600,1075,0,0,1,0,0,0,1
203,10450,35.0,91456.0,69.0,1.0,0,1900,1110,0,1,0,0,1,0,0
204,12950,43.0,89968.0,69.0,1.0,0,1900,1140,0,1,0,0,0,0,1
205,11500,44.0,89757.0,110.0,1.0,0,1600,1045,0,0,1,0,1,0,0
206,12500,40.0,85389.0,110.0,1.0,0,1600,1075,0,0,1,0,0,0,1
207,10950,43.0,85017.0,97.0,0.0,0,1400,1060,0,0,1,0,0,0,1
208,11450,41.0,84312.0,110.0,0.0,0,1600,1080,0,0,1,0,0,0,1
209,11950,37.0,82743.0,110.0,1.0,0,1600,1121,1,0,0,0,0,0,1
210,13250,41.0,81106.0,69.0,1.0,0,1900,1140,0,1,0,0,0,0,1
211,14750,40.0,80425.0,90.0,1.0,0,2000,1205,0,1,0,0,0,0,1
212,11790,34.0,78677.0,110.0,1.0,1,1600,1105,0,0,1,0,0,0,1
213,11450,40.0,78425.0,110.0,1.0,0,1600,1075,0,0,1,0,0,0,1
214,13500,33.0,78108.0,90.0,1.0,0,2000,1170,0,1,0,0,1,0,0
215,10950,33.0,77321.0,110.0,1.0,0,1600,1075,0,0,1,0,0,0,1
216,13500,33.0,75699.0,69.0,0.0,0,1900,1105,0,1,0,0,1,0,0
217,10950,41.0,75697.0,97.0,1.0,0,1400,1025,0,0,1,0,1,0,0
218,10950,44.0,74846.0,97.0,1.0,0,1400,1025,0,0,1,0,1,0,0
219,12950,38.0,74319.0,110.0,1.0,0,1600,1075,0,0,1,0,0,0,1
220,11950,56.0,74285.0,110.0,1.0,0,1600,1075,0,0,1,0,0,0,1
221,12450,44.0,74172.0,110.0,1.0,0,1600,1615,0,0,1,0,0,0,1
222,11950,40.0,73042.0,110.0,1.0,0,1598,1075,0,0,1,0,0,0,1
223,14950,44.0,71793.0,110.0,1.0,0,1600,1067,1,0,0,0,0,1,0
224,12450,35.0,71200.0,110.0,1.0,0,1600,1075,0,0,1,0,0,0,1
225,12950,38.0,67805.0,110.0,1.0,0,1600,1075,0,0,1,0,0,0,1
226,11950,56.0,65988.0,110.0,1.0,0,1600,1040,0,0,1,0,1,0,0
227,11690,56.0,65345.0,97.0,1.0,0,1400,1060,0,0,1,0,0,0,1
228,12450,42.0,64564.0,110.0,1.0,0,1600,1080,0,0,1,0,0,0,1
229,12750,36.0,63459.0,97.0,1.0,0,1400,1060,0,0,1,0,0,0,1
230,11925,56.0,63451.0,97.0,0.0,0,1400,1025,0,0,1,0,1,0,0
231,12950,33.0,62000.0,110.0,1.0,0,1600,1075,0,0,1,0,0,0,1
232,11950,42.0,61300.0,97.0,1.0,0,1400,1030,0,0,1,0,1,0,0
233,12900,41.0,61200.0,110.0,1.0,0,1600,1045,0,0,1,0,1,0,0
234,11900,41.0,61000.0,110.0,0.0,0,1600,1075,0,0,1,0,0,0,1
235,11650,38.0,60829.0,110.0,1.0,0,1600,1075,0,0,1,0,0,0,1
236,10950,44.0,60500.0,110.0,0.0,0,1600,1075,0,0,1,0,0,0,1
237,13950,35.0,59500.0,69.0,1.0,0,1900,1110,0,1,0,0,1,0,0
238,13950,44.0,59000.0,110.0,0.0,1,1600,1110,0,0,1,0,0,0,1
239,11950,40.0,58954.0,110.0,1.0,0,1600,1080,0,0,1,0,0,0,1
240,10950,38.0,58798.0,110.0,1.0,0,1600,1075,0,0,1,0,0,0,1
241,12450,38.0,58363.0,110.0,1.0,0,1600,1055,0,0,1,0,1,0,0
242,11950,43.0,58277.0,110.0,1.0,0,1600,1045,0,0,1,0,1,0,0
243,13500,33.0,57711.0,90.0,1.0,0,2000,1165,0,1,0,0,1,0,0
244,11690,33.0,57269.0,110.0,1.0,0,1600,1075,0,0,1,0,0,0,1
245,13500,39.0,56001.0,110.0,1.0,0,1600,1075,0,0,1,0,0,0,1
246,11950,42.0,55968.0,110.0,1.0,0,1600,1050,0,0,1,0,1,0,0
247,12900,56.0,55678.0,110.0,1.0,0,1600,1030,0,0,1,0,0,1,0
248,13500,43.0,55539.0,110.0,1.0,0,1600,1085,0,0,1,0,0,0,1
249,11750,42.0,55400.0,110.0,0.0,0,1600,1075,0,0,1,0,0,0,1
250,11750,33.0,55350.0,110.0,0.0,0,1600,1075,0,0,1,0,0,0,1
251,10850,43.0,54600.0,110.0,0.0,0,1600,1030,0,0,1,0,0,1,0
252,11750,43.0,53773.0,110.0,1.0,0,1600,1075,0,0,1,0,0,0,1
253,14950,42.0,53719.0,110.0,1.0,1,1600,1105,0,0,1,0,0,0,1
254,9940,39.0,53644.0,110.0,1.0,0,1600,1075,0,0,1,0,0,0,1
255,12900,42.0,53350.0,110.0,0.0,0,1600,1075,0,0,1,0,0,0,1
256,13500,38.0,53000.0,110.0,1.0,0,1600,1075,0,0,1,0,0,0,1
257,11750,44.0,52084.0,97.0,1.0,0,1400,1025,0,0,1,0,1,0,0
258,11950,44.0,52000.0,97.0,0.0,0,1400,1025,0,0,1,0,1,0,0
259,13450,33.0,51945.0,110.0,1.0,0,1600,1075,0,0,1,0,0,0,1
260,11950,41.0,51732.0,97.0,1.0,0,1400,1025,0,0,1,0,1,0,0
261,12495,39.0,50873.0,110.0,1.0,0,1600,1075,0,0,1,0,0,0,1
262,13500,41.0,50856.0,110.0,0.0,0,1600,1030,0,0,1,0,0,1,0
263,12750,40.0,50640.0,110.0,1.0,0,1600,1075,0,0,1,0,0,0,1
264,12000,39.0,50000.0,97.0,1.0,0,1400,1060,0,0,1,0,0,0,1
265,11950,38.0,49500.0,110.0,1.0,0,1600,1075,0,0,1,0,0,0,1
266,12495,44.0,49332.0,110.0,1.0,0,1600,1080,0,0,1,0,0,0,1
267,12450,34.0,49291.0,110.0,1.0,0,1600,1040,0,0,1,0,1,0,0
268,14750,40.0,48952.0,90.0,1.0,0,2000,1205,0,1,0,0,0,0,1
269,10950,39.0,48945.0,110.0,0.0,0,1600,1040,0,0,1,0,1,0,0
270,13500,33.0,48928.0,69.0,1.0,0,1900,1105,0,1,0,0,1,0,0
271,12950,38.0,48197.0,110.0,1.0,0,1600,1075,0,0,1,0,0,0,1
272,13500,35.0,48052.0,69.0,1.0,0,1900,1105,0,1,0,0,1,0,0
273,13450,56.0,48011.0,110.0,1.0,0,1600,1030,0,0,1,0,0,1,0
274,13500,43.0,48000.0,110.0,1.0,0,1600,1075,0,0,1,0,0,0,1
275,11480,41.0,47350.0,110.0,1.0,0,1600,1075,0,0,1,0,0,0,1
276,13450,39.0,46821.0,97.0,1.0,0,1400,1060,0,0,1,0,0,0,1
277,11495,39.0,46694.0,110.0,0.0,0,1600,1040,0,0,1,0,1,0,0
278,12750,43.0,46515.0,97.0,0.0,0,1400,1025,0,0,1,0,0,0,1
279,14990,38.0,46327.0,110.0,1.0,0,1600,1055,0,0,1,0,1,0,0
280,12950,35.0,46304.0,97.0,1.0,0,1400,1060,0,0,1,0,0,0,1
281,12950,40.0,45886.0,110.0,1.0,0,1600,1080,0,0,1,0,0,0,1
282,12850,39.0,45713.0,97.0,1.0,0,1400,1085,0,0,1,0,0,0,1
283,13950,40.0,45600.0,110.0,1.0,1,1600,1105,0,0,1,0,0,0,1
284,11950,41.0,45287.0,110.0,1.0,0,1600,1075,0,0,1,0,0,0,1
285,12950,39.0,45081.0,110.0,1.0,0,1600,1075,0,0,1,0,0,0,1
286,11700,40.0,44830.0,110.0,1.0,0,1600,1075,0,0,1,0,0,0,1
287,9950,37.0,44757.0,97.0,1.0,0,1400,1025,0,0,1,0,1,0,0
288,11895,44.0,44218.0,97.0,1.0,0,1400,1060,0,0,1,0,0,0,1
289,12950,43.0,43632.0,110.0,1.0,0,1600,1075,0,0,1,0,0,0,1
290,12500,36.0,43427.0,110.0,1.0,0,1600,1040,0,0,1,0,1,0,0
291,13875,39.0,43254.0,110.0,1.0,0,1600,1075,0,0,1,0,0,0,1
292,10500,35.0,43000.0,110.0,0.0,0,1600,1050,0,0,1,0,1,0,0
293,12295,33.0,42823.0,110.0,1.0,0,1600,1075,0,0,1,0,0,0,1
294,13950,42.0,42560.0,110.0,1.0,0,1600,1080,0,0,1,0,0,0,1
295,10950,38.0,41754.0,110.0,0.0,0,1600,1040,0,0,1,0,1,0,0
296,12950,44.0,41499.0,110.0,1.0,0,1600,1103,1,0,0,0,0,0,1
297,12850,40.0,41339.0,110.0,1.0,0,1600,1080,0,0,1,0,0,0,1
298,13995,35.0,41000.0,110.0,1.0,0,1600,1075,0,0,1,0,0,0,1
299,13750,39.0,40000.0,110.0,1.0,0,1600,1055,0,0,1,0,1,0,0
300,12750,37.0,39757.0,110.0,1.0,0,1600,1075,0,0,1,0,0,0,1
301,12500,41.0,39659.0,110.0,1.0,0,1600,1045,0,0,1,0,1,0,0
302,13950,43.0,39650.0,110.0,0.0,0,1600,1055,0,0,1,0,1,0,0
303,11500,39.0,39524.0,97.0,1.0,0,1398,1025,0,0,1,0,1,0,0
304,13950,44.0,39516.0,97.0,1.0,0,1400,1060,0,0,1,0,0,0,1
305,11895,41.0,39439.0,97.0,0.0,0,1400,1060,0,0,1,0,0,0,1
306,9950,44.0,39000.0,97.0,1.0,0,1400,1025,0,0,1,0,1,0,0
307,13500,42.0,38932.0,110.0,1.0,0,1600,1040,0,0,1,0,1,0,0
308,11450,37.0,38812.0,97.0,1.0,0,1400,1025,0,0,1,0,1,0,0
309,12450,42.0,38665.0,110.0,1.0,0,1600,1075,0,0,1,0,0,0,1
310,12950,40.0,38653.0,110.0,1.0,0,1600,1080,0,0,1,0,0,0,1
311,13995,44.0,38461.0,110.0,1.0,0,1600,1080,0,0,1,0,0,0,1
312,11750,42.0,38078.0,97.0,0.0,0,1400,1025,0,0,1,0,1,0,0
313,11650,39.0,37782.0,97.0,1.0,0,1400,1060,0,0,1,0,0,0,1
314,9950,43.0,37576.0,97.0,0.0,0,1400,1030,0,0,1,0,1,0,0
315,13950,41.0,37533.0,110.0,1.0,0,1600,1075,0,0,1,0,0,0,1
316,12950,44.0,37389.0,110.0,1.0,0,1600,1080,0,0,1,0,0,0,1
317,10950,38.0,37320.0,97.0,1.0,0,1400,1025,0,0,1,0,1,0,0
318,9900,42.0,37000.0,97.0,1.0,0,1400,1025,0,0,1,0,1,0,0
319,11950,44.0,37000.0,110.0,0.0,0,1600,1075,0,0,1,0,0,1,0
320,11990,40.0,36566.0,110.0,0.0,0,1600,1090,0,0,1,0,0,0,1
321,10750,36.0,36269.0,110.0,1.0,0,1600,1075,0,0,1,0,0,0,1
322,13950,37.0,36074.0,110.0,1.0,1,1600,1075,0,0,1,0,0,0,1
323,11250,44.0,36066.0,110.0,1.0,0,1600,1040,0,0,1,0,1,0,0
324,12950,39.0,34599.0,110.0,1.0,0,1600,1075,0,0,1,0,0,0,1
325,11950,41.0,34000.0,110.0,1.0,0,1600,1075,0,0,1,0,0,0,1
326,10950,42.0,33623.0,97.0,1.0,0,1400,1025,0,0,1,0,1,0,0
327,12950,33.0,33591.0,110.0,1.0,0,1600,1075,0,0,1,0,0,0,1
328,12950,35.0,33258.0,110.0,1.0,0,1600,1075,0,0,1,0,0,0,1
329,11695,43.0,33113.0,110.0,1.0,0,1600,1075,0,0,1,0,0,0,1
330,11000,41.0,33000.0,110.0,1.0,1,1600,1075,0,0,1,0,0,0,1
331,13950,56.0,32941.0,110.0,1.0,0,1600,1080,0,0,1,0,0,0,1
332,11950,38.0,32781.0,110.0,0.0,0,1600,1075,0,0,1,0,0,0,1
333,11750,40.0,32532.0,110.0,1.0,0,1600,1040,0,0,1,0,1,0,0
334,12400,34.0,32431.0,97.0,1.0,0,1400,1060,0,0,1,0,0,0,1
335,12500,35.0,32000.0,110.0,0.0,0,1600,1040,0,0,1,0,1,0,0
336,12900,33.0,31000.0,110.0,1.0,0,1600,1075,0,0,1,0,0,0,1
337,12200,41.0,30989.0,110.0,0.0,0,1600,1045,0,0,1,0,1,0,0
338,12750,43.0,30742.0,110.0,1.0,0,1600,1040,0,0,1,0,1,0,0
339,11950,42.0,30190.0,110.0,1.0,0,1600,1075,0,0,1,0,0,0,1
340,11900,41.0,29716.0,116.0,1.0,0,1600,1075,0,0,1,0,0,0,1
341,11950,44.0,29716.0,110.0,1.0,1,1600,1070,0,0,1,0,1,0,0
342,14950,42.0,29640.0,110.0,1.0,0,1600,1055,0,0,1,0,1,0,0
343,11950,41.0,29056.0,97.0,1.0,0,1400,1060,0,0,1,0,0,0,1
344,12950,33.0,28715.0,110.0,1.0,0,1600,1075,0,0,1,0,0,0,1
345,14950,41.0,28571.0,110.0,0.0,0,1600,1090,0,0,1,0,0,0,1
346,13450,40.0,28362.0,110.0,1.0,0,1600,1040,0,0,1,0,1,0,0
347,13750,38.0,28150.0,110.0,1.0,0,1600,1075,0,0,1,0,0,0,1
348,12950,43.0,27301.0,110.0,1.0,0,1600,1040,0,0,1,0,1,0,0
349,12750,33.0,27240.0,110.0,1.0,0,1600,1075,0,0,1,0,0,0,1
350,11895,39.0,27170.0,97.0,1.0,0,1400,1060,0,0,1,0,0,0,1
351,9950,42.0,27141.0,97.0,1.0,0,1400,1060,0,0,1,0,0,0,1
352,12450,38.0,26262.0,110.0,1.0,0,1600,1075,0,0,1,0,0,0,1
353,12500,38.0,26000.0,97.0,1.0,0,1400,1060,0,0,1,0,0,0,1
354,14950,43.0,25228.0,110.0,1.0,0,1600,1045,0,0,1,0,1,0,0
355,13750,39.0,25062.0,110.0,1.0,0,1600,1080,0,0,1,0,0,0,1
356,12695,39.0,24723.0,110.0,1.0,1,1600,1060,0,0,1,0,0,1,0
357,14990,56.0,24650.0,110.0,1.0,0,1600,1055,0,0,1,0,1,0,0
358,12750,43.0,24553.0,110.0,1.0,0,1600,1080,0,0,1,0,0,0,1
359,14350,41.0,24475.0,110.0,1.0,0,1600,1030,0,0,1,0,0,0,1
360,12950,39.0,24444.0,110.0,1.0,0,1600,1040,0,0,1,0,1,0,0
361,11500,35.0,24011.0,97.0,0.0,0,1400,1025,0,0,1,0,1,0,0
362,11950,41.0,24000.0,97.0,1.0,0,1400,1025,0,0,1,0,1,0,0
363,13450,40.0,23616.0,110.0,1.0,0,1600,1075,0,0,1,0,0,0,1
364,12900,38.0,22865.0,110.0,1.0,0,1600,1075,0,0,1,0,0,0,1
365,10500,41.0,22780.0,86.0,1.0,0,1300,1035,0,0,1,0,0,0,1
366,10950,35.0,21904.0,97.0,0.0,0,1400,1025,0,0,1,0,1,0,0
367,11950,41.0,21651.0,97.0,0.0,0,1400,1025,0,0,1,0,1,0,0
368,11450,37.0,21500.0,110.0,1.0,0,1600,1030,0,0,1,0,0,0,1
369,13250,44.0,21027.0,110.0,1.0,0,1600,1080,0,0,1,0,0,0,1
370,10250,39.0,18500.0,110.0,0.0,0,1600,1030,0,0,1,0,0,1,0
371,13995,35.0,18000.0,110.0,1.0,0,1600,1075,0,0,1,0,0,0,1
372,11950,40.0,17051.0,97.0,0.0,0,1400,1060,0,0,1,0,0,0,1
373,13250,33.0,16512.0,97.0,1.0,0,1400,1085,0,0,1,0,0,0,1
374,12950,40.0,16325.0,110.0,1.0,0,1600,1080,0,0,1,0,0,0,1
375,11750,38.0,16000.0,97.0,1.0,0,1400,1060,0,0,1,0,0,0,1
376,11500,39.0,12000.0,110.0,1.0,0,1600,1075,0,0,1,0,0,0,1
377,13500,43.0,10000.0,97.0,1.0,0,1400,1060,0,0,1,0,0,0,1
378,6500,53.0,216000.0,69.0,0.0,0,1900,1110,0,1,0,0,1,0,0
379,6400,51.0,198167.0,69.0,0.0,0,1900,1095,0,1,0,0,0,1,0
380,7000,53.0,176000.0,69.0,0.0,0,1900,1105,0,1,0,0,1,0,0
381,7750,54.0,174139.0,72.0,1.0,0,2000,1100,0,1,0,0,0,1,0
382,8900,45.0,174000.0,69.0,1.0,0,1900,1095,0,1,0,0,0,0,1
383,8500,55.0,150000.0,110.0,1.0,0,1600,1075,1,0,0,0,1,0,0
384,8950,54.0,149329.0,72.0,1.0,0,2000,1135,0,1,0,0,0,0,1
385,9900,51.0,146736.0,110.0,1.0,0,1600,1080,0,0,1,0,0,0,1
386,10250,53.0,143513.0,69.0,0.0,0,1900,1140,0,1,0,0,0,0,1
387,9250,48.0,142130.0,110.0,0.0,0,1600,1119,1,0,0,0,0,0,1
388,7750,48.0,140700.0,69.0,1.0,0,1900,1110,0,1,0,0,0,0,1
389,9450,56.0,138394.0,69.0,1.0,0,1900,1095,0,1,0,0,0,1,0
390,7750,55.0,137000.0,72.0,1.0,0,2000,1135,0,1,0,0,0,0,1
391,8250,52.0,135258.0,69.0,1.0,0,1900,1140,0,1,0,0,0,0,1
392,9950,49.0,131364.0,110.0,1.0,0,1600,1075,0,0,1,0,0,0,1
393,4450,56.0,129155.0,69.0,0.0,0,1800,1110,0,1,0,0,0,0,1
394,9950,50.0,126110.0,110.0,0.0,0,1600,1055,0,0,1,0,1,0,0
395,9000,48.0,119742.0,110.0,1.0,0,1600,1080,0,0,1,0,0,0,1
396,9950,53.0,117913.0,69.0,1.0,0,1900,1110,0,1,0,0,0,0,1
397,12450,47.0,117430.0,90.0,1.0,0,2000,1165,0,1,0,0,1,0,0
398,10500,55.0,63634.0,110.0,1.0,0,1600,1035,0,0,1,0,0,1,0
399,10750,54.0,115558.0,110.0,1.0,0,1600,1035,0,0,1,0,0,1,0
400,8950,53.0,115113.0,97.0,1.0,0,1400,1025,0,0,1,0,1,0,0
401,10500,54.0,115046.0,69.0,1.0,0,1900,1140,0,1,0,0,0,0,1
402,5150,56.0,113997.0,72.0,1.0,0,2000,1135,0,1,0,0,0,0,1
403,10950,49.0,107859.0,97.0,0.0,0,1400,1060,0,0,1,0,0,0,1
404,9450,56.0,104805.0,97.0,1.0,0,1400,1025,0,0,1,0,1,0,0
405,9950,54.0,103454.0,110.0,1.0,0,1600,1075,0,0,1,0,0,0,1
406,10950,51.0,103018.0,69.0,0.0,0,1900,1140,0,0,1,0,0,0,1
407,11900,47.0,102352.0,110.0,1.0,0,1600,1080,0,0,1,0,0,0,1
408,9950,50.0,102030.0,97.0,1.0,0,1400,1060,0,0,1,0,0,0,1
409,11950,54.0,101352.0,110.0,0.0,0,1600,1080,0,0,1,0,0,0,1
410,7900,50.0,99865.0,110.0,1.0,0,1600,1035,0,0,1,0,0,1,0
411,10950,52.0,99323.0,110.0,1.0,0,1600,1055,0,0,1,0,1,0,0
412,8950,48.0,98100.0,69.0,1.0,0,1900,1140,0,0,1,0,0,0,1
413,11950,51.0,98040.0,110.0,0.0,0,1600,1080,0,0,1,0,0,0,1
414,10900,49.0,97600.0,110.0,1.0,0,1600,1045,0,0,1,0,1,0,0
415,9950,55.0,97234.0,110.0,0.0,0,1600,1080,0,0,1,0,0,0,1
416,9950,51.0,96135.0,72.0,0.0,0,2000,1115,0,1,0,0,1,0,0
417,10950,54.0,96100.0,110.0,1.0,0,1600,1080,0,0,1,0,0,0,1
418,8950,55.0,94401.0,72.0,0.0,0,2000,1115,0,1,0,0,1,0,0
419,8950,55.0,94122.0,86.0,1.0,0,1300,1015,0,0,1,0,1,0,0
420,10500,49.0,91340.0,110.0,1.0,0,1600,1055,0,0,1,0,1,0,0
421,8950,53.0,90200.0,97.0,0.0,0,1400,1025,0,0,1,0,1,0,0
422,9250,53.0,90097.0,69.0,1.0,0,1900,1140,0,1,0,0,0,0,1
423,11500,48.0,89049.0,97.0,1.0,0,1400,1060,0,0,1,0,0,0,1
424,9750,52.0,89000.0,110.0,0.0,0,1600,1075,0,0,1,0,0,0,1
425,9950,45.0,87274.0,110.0,1.0,0,1600,1040,0,0,1,0,1,0,0
426,11450,49.0,86221.0,110.0,0.0,0,1600,1045,0,0,1,0,1,0,0
427,12500,54.0,84598.0,110.0,0.0,0,1600,1075,0,0,1,0,0,0,1
428,10500,50.0,83567.0,110.0,0.0,0,1600,1075,0,0,1,0,0,0,1
429,12950,50.0,83106.0,110.0,1.0,0,1600,1075,0,0,1,0,0,0,1
430,12200,50.0,82805.0,110.0,1.0,0,1600,1040,0,0,1,0,1,0,0
431,10950,50.0,82735.0,97.0,1.0,0,1400,1030,0,0,1,0,1,0,0
432,10950,54.0,81905.0,110.0,1.0,0,1600,1105,0,0,1,0,0,0,1
433,11290,49.0,80320.0,110.0,1.0,1,1600,1070,0,0,1,0,1,0,0
434,10750,49.0,80090.0,97.0,1.0,0,1400,1030,0,0,1,0,1,0,0
435,10895,53.0,79800.0,110.0,0.0,0,1600,1075,0,0,1,0,0,0,1
436,11500,47.0,78785.0,110.0,1.0,0,1600,1119,1,0,0,0,0,0,1
437,9750,48.0,78600.0,110.0,1.0,0,1600,1075,0,0,1,0,0,0,1
438,10250,55.0,77780.0,110.0,1.0,0,1600,1040,0,0,1,0,1,0,0
439,12500,49.0,77648.0,110.0,0.0,0,1600,1030,0,0,1,0,0,1,0
440,11950,54.0,77270.0,110.0,1.0,0,1600,1035,0,0,1,0,0,1,0
441,10750,50.0,76167.0,97.0,1.0,0,1400,1060,0,0,1,0,0,0,1
442,11450,46.0,75249.0,110.0,1.0,0,1600,1035,0,0,1,0,0,1,0
443,11950,54.0,75231.0,110.0,1.0,0,1600,1080,0,0,1,0,0,0,1
444,11750,48.0,75045.0,110.0,1.0,0,1600,1055,0,0,1,0,1,0,0
445,10950,50.0,74849.0,110.0,1.0,1,1600,1060,0,0,1,0,0,1,0
446,11950,55.0,74715.0,110.0,1.0,0,1600,1080,0,0,1,0,0,0,1
447,10995,49.0,74656.0,69.0,0.0,0,1900,1105,0,1,0,0,1,0,0
448,11450,56.0,74500.0,97.0,0.0,0,1400,1025,0,0,1,0,1,0,0
449,8900,49.0,74494.0,110.0,1.0,0,1600,1075,0,0,1,0,0,0,1
450,10500,50.0,73634.0,110.0,0.0,0,1587,1075,0,0,1,0,0,0,1
451,11750,47.0,73403.0,110.0,1.0,0,1600,1075,0,0,1,0,0,0,1
452,11450,49.0,73175.0,97.0,1.0,0,1400,1030,0,0,1,0,1,0,0
453,12000,56.0,73000.0,110.0,0.0,0,1600,1055,0,0,1,0,1,0,0
454,11950,50.0,72242.0,110.0,1.0,1,1600,1070,0,0,1,0,1,0,0
455,9850,53.0,72000.0,97.0,1.0,0,1400,1025,0,0,1,0,1,0,0
456,10950,56.0,71725.0,110.0,1.0,0,1600,1035,0,0,1,0,0,1,0
457,10950,56.0,71276.0,110.0,0.0,0,1600,1080,0,0,1,0,0,0,1
458,8695,56.0,70440.0,69.0,1.0,0,1900,1105,0,1,0,0,1,0,0
459,10990,53.0,70239.0,110.0,0.0,0,1600,1040,0,0,1,0,1,0,0
460,9500,55.0,69813.0,97.0,1.0,0,1400,1025,0,0,1,0,1,0,0
461,11950,49.0,69659.0,86.0,0.0,0,1300,1025,0,0,1,0,1,0,0
462,10750,46.0,69574.0,97.0,0.0,0,1400,1065,0,0,1,0,0,0,1
463,8750,47.0,69000.0,69.0,1.0,0,1900,1140,0,1,0,0,0,0,1
464,8750,49.0,68565.0,110.0,1.0,0,1600,1030,0,0,1,0,0,1,0
465,11450,56.0,68520.0,72.0,1.0,0,2000,1115,0,1,0,0,1,0,0
466,9950,46.0,68414.0,97.0,0.0,0,1400,1025,0,0,1,0,1,0,0
467,11950,56.0,66777.0,110.0,0.0,0,1600,1090,0,0,1,0,0,0,1
468,13950,52.0,66527.0,110.0,1.0,0,1600,1080,0,0,1,0,0,0,1
469,11250,54.0,66063.0,110.0,1.0,0,1600,1090,0,0,1,0,0,0,1
470,10900,50.0,65471.0,97.0,1.0,0,1400,1060,0,0,1,0,0,0,1
471,9750,56.0,65400.0,97.0,1.0,0,1400,1025,0,0,1,0,1,0,0
472,9950,52.0,65170.0,97.0,1.0,0,1400,1025,0,0,1,0,1,0,0
473,11950,56.0,65000.0,110.0,1.0,0,1600,1075,0,0,1,0,0,0,1
474,10450,48.0,64193.0,110.0,1.0,0,1600,1040,0,0,1,0,1,0,0
475,8950,54.0,64000.0,97.0,1.0,0,1400,1025,0,0,1,0,1,0,0
476,10250,54.0,63792.0,110.0,1.0,0,1600,1075,0,0,1,0,0,0,1
477,9930,53.0,63635.0,110.0,1.0,0,1600,1035,0,0,1,0,0,1,0
478,10500,54.0,63135.0,110.0,1.0,0,1600,1050,0,0,1,0,1,0,0
479,11950,54.0,63123.0,110.0,1.0,0,1600,1035,0,0,1,0,0,1,0
480,11500,56.0,63000.0,69.0,1.0,0,1900,1140,0,1,0,0,0,0,1
481,11500,56.0,63000.0,110.0,0.0,0,1600,1035,0,0,1,0,0,1,0
482,11450,54.0,62987.0,110.0,0.0,0,1600,1080,0,0,1,0,0,0,1
483,9900,56.0,62751.0,110.0,0.0,0,1600,1050,0,0,1,0,1,0,0
484,9500,54.0,62519.0,97.0,0.0,0,1400,1025,0,0,1,0,1,0,0
485,10500,50.0,62280.0,97.0,1.0,0,1400,1060,0,0,1,0,0,0,1
486,10750,50.0,61672.0,110.0,1.0,0,1600,1075,0,0,1,0,0,0,1
487,8950,54.0,61000.0,69.0,0.0,0,2000,1140,0,1,0,0,0,0,1
488,12000,56.0,61000.0,110.0,1.0,0,1600,1050,0,0,1,0,1,0,0
489,9940,53.0,60558.0,110.0,1.0,0,1600,1105,0,0,1,0,0,1,0
490,10950,47.0,60348.0,110.0,0.0,0,1600,1030,0,0,1,0,0,1,0
491,10750,54.0,63634.0,110.0,1.0,0,1600,1075,0,0,1,0,0,0,1
492,9799,51.0,59000.0,97.0,1.0,0,1400,1025,0,0,1,0,1,0,0
493,11750,51.0,58761.0,97.0,0.0,0,1300,1060,0,0,1,0,0,0,1
494,11950,54.0,58745.0,110.0,1.0,0,1600,1035,0,0,1,0,0,1,0
495,11250,52.0,58596.0,110.0,1.0,0,1600,1045,0,0,1,0,1,0,0
496,11750,54.0,58530.0,110.0,0.0,0,1600,1075,0,0,1,0,0,0,1
497,10950,55.0,58377.0,110.0,1.0,0,1600,1050,0,0,1,0,1,0,0
498,11250,56.0,58142.0,110.0,1.0,0,1600,1080,0,0,1,0,0,0,1
499,9950,53.0,57948.0,97.0,1.0,0,1400,1025,0,0,1,0,1,0,0
500,9700,51.0,57645.0,110.0,0.0,0,1600,1080,0,0,1,0,0,0,1
501,11950,47.0,57500.0,110.0,1.0,0,1600,1105,0,0,1,0,0,1,0
502,9900,53.0,57475.0,110.0,0.0,0,1600,1040,0,0,1,0,1,0,0
503,9990,56.0,56743.0,110.0,0.0,0,1600,1045,0,0,1,0,1,0,0
504,9475,48.0,56675.0,97.0,1.0,0,1400,1025,0,0,1,0,1,0,0
505,11500,54.0,55877.0,110.0,1.0,0,1600,1075,0,0,1,0,0,0,1
506,11950,53.0,55500.0,110.0,1.0,0,1600,1035,0,0,1,0,0,1,0
507,11500,55.0,54900.0,97.0,1.0,0,1400,1060,0,0,1,0,0,0,1
508,10500,50.0,54465.0,110.0,0.0,0,1600,1075,0,0,1,0,0,0,1
509,10900,46.0,53700.0,97.0,1.0,0,1400,1060,0,0,1,0,0,0,1
510,11700,52.0,53561.0,97.0,1.0,0,1400,1060,0,0,1,0,0,0,1
511,11900,51.0,53408.0,110.0,1.0,0,1600,1080,0,0,1,0,0,0,1
512,13950,51.0,53268.0,110.0,1.0,0,1600,1080,0,0,1,0,0,0,1
513,10950,49.0,53116.0,97.0,1.0,0,1400,1025,0,0,1,0,1,0,0
514,10500,56.0,52448.0,97.0,0.0,0,1400,1025,0,0,1,0,1,0,0
515,10750,55.0,52149.0,97.0,1.0,0,1400,1085,0,0,1,0,1,0,0
516,11950,55.0,52141.0,110.0,1.0,0,1600,1070,0,0,1,0,0,0,1
517,10000,56.0,52000.0,97.0,0.0,0,1400,1025,0,0,1,0,1,0,0
518,10495,48.0,50967.0,97.0,1.0,0,1400,1060,0,0,1,0,0,0,1
519,11450,50.0,50400.0,110.0,0.0,0,1600,1080,0,0,1,0,0,0,1
520,9400,54.0,50000.0,97.0,1.0,0,1400,1025,0,0,1,0,1,0,0
521,11950,51.0,50000.0,86.0,1.0,0,1300,1045,0,0,1,0,0,0,1
522,9650,53.0,49969.0,110.0,0.0,0,1600,1075,0,0,1,0,0,0,1
523,18950,49.0,49568.0,110.0,1.0,0,1600,1105,0,0,1,0,1,0,0
524,11450,51.0,49473.0,110.0,0.0,0,1600,1055,0,0,1,0,1,0,0
525,10250,52.0,49432.0,110.0,1.0,0,1600,1050,0,0,1,0,1,0,0
526,11450,56.0,49417.0,110.0,1.0,0,1600,1045,0,0,1,0,1,0,0
527,9950,54.0,49366.0,97.0,1.0,0,1400,1025,0,0,1,0,1,0,0
528,10500,56.0,48731.0,110.0,1.0,0,1600,1055,0,0,1,0,1,0,0
529,13750,56.0,48370.0,110.0,1.0,0,1600,1080,0,0,1,0,0,0,1
530,9950,48.0,48071.0,97.0,0.0,0,1400,1025,0,0,1,0,1,0,0
531,10250,54.0,47852.0,110.0,1.0,0,1600,1030,0,0,1,0,0,1,0
532,10850,54.0,47768.0,110.0,1.0,0,1600,1055,0,0,1,0,1,0,0
533,11895,52.0,47689.0,110.0,0.0,0,1600,1075,0,0,1,0,0,0,1
534,12950,53.0,47451.0,110.0,1.0,0,1600,1055,0,0,1,0,1,0,0
535,11950,50.0,47219.0,110.0,1.0,0,1600,1080,0,0,1,0,0,0,1
536,10750,56.0,47211.0,110.0,1.0,0,1600,1070,0,0,1,0,0,0,1
537,9550,54.0,46856.0,97.0,0.0,0,1400,1060,0,0,1,0,0,0,1
538,10950,56.0,46500.0,86.0,0.0,0,1300,1035,0,0,1,0,0,0,1
539,11750,56.0,46449.0,110.0,1.0,0,1600,1035,0,0,1,0,0,1,0
540,10950,47.0,46391.0,110.0,0.0,0,1600,1075,0,0,1,0,0,0,1
541,12450,54.0,46230.0,110.0,1.0,0,1600,1055,0,0,1,0,1,0,0
542,10500,52.0,46029.0,110.0,1.0,0,1600,1030,0,0,1,0,0,1,0
543,10900,50.0,46000.0,97.0,0.0,0,1400,1025,0,0,1,0,1,0,0
544,12950,50.0,45900.0,110.0,1.0,0,1600,1075,0,0,1,0,0,0,1
545,10950,47.0,45850.0,97.0,0.0,0,1400,1060,0,0,1,0,0,0,1
546,12500,56.0,45336.0,110.0,1.0,0,1600,1080,0,0,1,0,0,0,1
547,9950,55.0,44537.0,97.0,0.0,0,1400,1025,0,0,1,0,1,0,0
548,10750,56.0,43700.0,86.0,1.0,0,1300,1025,0,0,1,0,1,0,0
549,12500,48.0,43120.0,97.0,1.0,0,1400,1030,0,0,1,0,1,0,0
550,10450,49.0,41710.0,110.0,0.0,0,1600,1040,0,0,1,0,1,0,0
551,10750,52.0,41700.0,97.0,1.0,0,1400,1025,0,0,1,0,1,0,0
552,12950,49.0,41636.0,110.0,1.0,0,1600,1105,0,0,1,0,0,0,1
553,10995,56.0,41273.0,97.0,0.0,0,1400,1060,0,0,1,0,0,0,1
554,11950,49.0,40836.0,110.0,1.0,1,1600,1075,0,0,1,0,1,0,0
555,11250,50.0,40400.0,97.0,1.0,0,1400,1060,0,0,1,0,0,0,1
556,11950,47.0,40361.0,110.0,1.0,0,1600,1090,0,0,1,0,0,0,1
557,13750,54.0,40325.0,86.0,0.0,0,1300,1045,0,0,1,0,0,0,1
558,11000,47.0,40000.0,110.0,0.0,0,1600,1080,0,0,1,0,0,0,1
559,13500,50.0,39706.0,110.0,1.0,0,1600,1080,0,0,1,0,0,0,1
560,10950,54.0,39291.0,110.0,1.0,0,1600,1040,0,0,1,0,1,0,0
561,10750,54.0,39000.0,97.0,0.0,0,1400,1025,0,0,1,0,1,0,0
562,8950,47.0,38900.0,97.0,1.0,0,1400,1025,0,0,1,0,1,0,0
563,12950,51.0,38403.0,110.0,0.0,0,1600,1055,0,0,1,0,1,0,0
564,9750,56.0,37461.0,97.0,0.0,0,1400,1025,0,0,1,0,1,0,0
565,10900,54.0,37000.0,97.0,1.0,0,1400,1025,0,0,1,0,1,0,0
566,10995,55.0,36406.0,110.0,1.0,0,1600,1035,0,0,1,0,0,1,0
567,10750,48.0,36005.0,97.0,1.0,0,1400,1065,0,0,1,0,0,0,1
568,10950,52.0,36000.0,110.0,1.0,0,1600,1075,0,0,1,0,0,0,1
569,13000,56.0,36000.0,110.0,0.0,0,1600,1080,0,0,1,0,0,0,1
570,12950,45.0,36000.0,110.0,1.0,1,1600,1070,0,0,1,0,1,0,0
571,11500,52.0,35823.0,110.0,0.0,0,1600,1075,0,0,1,0,0,0,1
572,10950,56.0,35230.0,97.0,0.0,0,1400,1025,0,0,1,0,1,0,0
573,11710,48.0,35142.0,110.0,0.0,0,1600,1055,0,0,1,0,1,0,0
574,9980,49.0,34890.0,97.0,1.0,0,1400,1025,0,0,1,0,1,0,0
575,12250,51.0,34882.0,110.0,1.0,0,1600,1075,0,0,1,0,0,0,1
576,11500,46.0,34000.0,110.0,1.0,0,1600,1075,0,0,1,0,0,0,1
577,11950,56.0,33998.0,110.0,0.0,0,1600,1080,0,0,1,0,0,0,1
578,11500,55.0,33230.0,110.0,0.0,0,1600,1050,0,0,1,0,1,0,0
579,11900,46.0,33021.0,110.0,1.0,0,1600,1080,0,0,1,0,0,0,1
580,11930,49.0,31999.0,97.0,0.0,0,1400,1030,0,0,1,0,1,0,0
581,10500,56.0,31579.0,97.0,0.0,0,1400,1025,0,0,1,0,1,0,0
582,8950,56.0,31000.0,97.0,0.0,0,1400,1025,0,0,1,0,1,0,0
583,10450,46.0,30806.0,97.0,1.0,0,1400,1060,0,0,1,0,0,0,1
584,10500,55.0,30461.0,86.0,1.0,0,1300,1050,0,0,1,0,0,0,1
585,12950,50.0,29686.0,110.0,1.0,1,1600,1075,0,0,1,0,1,0,0
586,9950,56.0,29650.0,86.0,1.0,0,1300,1025,0,0,1,0,1,0,0
587,12900,52.0,29500.0,110.0,1.0,0,1600,1055,0,0,1,0,1,0,0
588,9950,48.0,28656.0,97.0,0.0,0,1400,1085,0,0,1,0,1,0,0
589,9950,55.0,27500.0,97.0,1.0,0,1400,1025,0,0,1,0,1,0,0
590,10950,48.0,26938.0,110.0,1.0,0,1600,1040,0,0,1,0,1,0,0
591,10950,53.0,26624.0,97.0,0.0,0,1400,1060,0,0,1,0,0,0,1
592,9950,47.0,26221.0,97.0,1.0,0,1400,1025,0,0,1,0,1,0,0
593,10950,50.0,22648.0,97.0,1.0,0,1400,1060,0,0,1,0,0,0,1
594,10800,50.0,22500.0,97.0,1.0,0,1400,1025,0,0,1,0,1,0,0
595,10500,56.0,19313.0,97.0,0.0,0,1400,1025,0,0,1,0,1,0,0
596,10450,50.0,17619.0,110.0,1.0,0,1600,1030,0,0,1,0,0,1,0
597,10600,51.0,17069.0,97.0,1.0,0,1400,1025,0,0,1,0,1,0,0
598,10450,48.0,15000.0,97.0,1.0,0,1400,1025,0,0,1,0,1,0,0
599,12950,50.0,10210.0,97.0,0.0,0,1400,1065,0,0,1,0,0,0,1
600,11250,47.0,5309.0,110.0,1.0,1,1600,1070,0,0,1,0,1,0,0
601,7500,50.0,1.0,90.0,1.0,0,2000,1260,0,1,0,0,1,0,0
602,8950,52.0,31000.0,97.0,1.0,0,1398,1025,0,0,1,0,1,0,0
603,6950,58.0,205000.0,72.0,1.0,0,2000,1100,0,1,0,0,0,1,0
604,7900,68.0,204250.0,72.0,1.0,0,2000,1115,0,1,0,0,1,0,0
605,5950,68.0,194545.0,86.0,0.0,0,1300,1000,0,0,1,0,0,1,0
606,7500,59.0,190900.0,72.0,1.0,0,2000,1115,0,1,0,0,1,0,0
607,7500,62.0,183500.0,72.0,1.0,0,2000,1140,0,1,0,0,0,0,1
608,6900,65.0,176184.0,72.0,1.0,0,2000,1115,0,1,0,0,1,0,0
609,5751,67.0,174833.0,72.0,0.0,0,2000,1100,0,1,0,0,0,1,0
610,6950,68.0,155720.0,86.0,1.0,0,1300,1015,0,0,1,0,1,0,0
611,7950,67.0,155500.0,110.0,1.0,0,1600,1050,0,0,1,0,0,0,1
612,7750,59.0,154783.0,72.0,1.0,0,2000,1120,0,1,0,0,1,0,0
613,7950,64.0,154462.0,72.0,1.0,0,2000,1135,0,1,0,0,0,0,1
614,8250,64.0,150585.0,110.0,1.0,0,1600,1065,0,0,1,0,1,0,0
615,6250,67.0,149000.0,90.0,1.0,0,2000,1135,0,1,0,0,0,0,1
616,9500,62.0,147636.0,72.0,1.0,0,2000,1135,0,0,1,0,0,0,1
617,6900,59.0,144521.0,72.0,1.0,0,2000,1135,0,1,0,0,0,0,1
618,8450,64.0,144000.0,110.0,1.0,0,1600,1065,0,0,1,0,1,0,0
619,7350,65.0,140168.0,72.0,1.0,0,2000,1115,0,1,0,0,1,0,0
620,8950,68.0,140000.0,110.0,1.0,0,1600,1085,0,0,1,0,0,0,1
621,6900,60.0,139800.0,72.0,0.0,0,2000,1115,0,1,0,0,1,0,0
622,8950,59.0,137050.0,110.0,1.0,0,1600,1078,1,0,0,0,1,0,0
623,8750,61.0,136956.0,110.0,0.0,0,1600,1065,0,0,1,0,1,0,0
624,7950,67.0,135337.0,110.0,1.0,0,1600,1120,1,0,0,0,0,0,1
625,8950,64.0,133769.0,72.0,1.0,0,2000,1120,0,1,0,0,1,0,0
626,8950,58.0,133405.0,72.0,1.0,0,2000,1135,0,1,0,0,0,0,1
627,8950,65.0,132807.0,72.0,1.0,0,2000,1135,0,1,0,0,0,0,1
628,7950,64.0,132393.0,72.0,0.0,0,2000,1135,0,1,0,0,0,0,1
629,7750,60.0,130270.0,110.0,0.0,0,1600,1050,0,0,1,0,1,0,0
630,7500,59.0,130000.0,72.0,1.0,0,2000,1135,0,1,0,0,0,1,0
631,8950,67.0,127000.0,101.0,1.0,0,2000,1135,0,1,0,0,0,0,1
632,9800,67.0,126800.0,72.0,0.0,0,2000,1135,0,1,0,0,0,0,1
633,9450,66.0,126452.0,110.0,1.0,0,1600,1085,0,0,1,0,0,0,1
634,8950,62.0,125175.0,116.0,0.0,0,2000,1150,0,1,0,0,0,0,1
635,8750,68.0,125000.0,72.0,1.0,0,2000,1115,0,1,0,0,1,0,0
636,10500,61.0,123000.0,72.0,0.0,0,2000,1135,0,1,0,0,0,0,1
637,7995,59.0,121626.0,86.0,0.0,0,1300,1050,0,0,1,0,0,0,1
638,10450,64.0,120400.0,101.0,0.0,0,1600,1090,0,0,1,0,0,0,1
639,9950,66.0,120000.0,72.0,0.0,0,2000,1100,0,1,0,0,0,1,0
640,9950,68.0,119541.0,110.0,0.0,0,1600,1055,0,0,1,0,1,0,0
641,8950,68.0,119500.0,110.0,1.0,0,1600,1070,0,0,1,0,0,0,1
642,7950,68.0,119289.0,110.0,1.0,0,1600,1035,0,0,1,0,0,1,0
643,10950,57.0,118833.0,110.0,0.0,0,1600,1065,0,0,1,0,1,0,0
644,9950,64.0,118000.0,72.0,1.0,0,2000,1150,0,1,0,0,0,0,1
645,8600,68.0,117955.0,110.0,1.0,1,1600,1065,0,0,1,0,0,1,0
646,7250,65.0,117609.0,86.0,0.0,0,1300,1015,0,0,1,0,1,0,0
647,6950,68.0,117000.0,72.0,0.0,0,2000,1115,0,1,0,0,1,0,0
648,8000,64.0,116000.0,86.0,0.0,0,1300,1045,0,0,1,0,0,0,1
649,9950,58.0,115715.0,110.0,0.0,0,1600,1070,0,0,1,0,0,0,1
650,9450,60.0,115191.0,110.0,1.0,0,1600,1079,1,0,0,0,0,1,0
651,7950,68.0,115071.0,110.0,1.0,0,1600,1055,0,0,1,0,1,0,0
652,9450,63.0,115000.0,110.0,0.0,0,1600,1109,1,0,0,0,1,0,0
653,9950,64.0,114846.0,110.0,1.0,0,1600,1075,0,0,1,0,0,0,1
654,6950,65.0,114383.0,90.0,0.0,0,2000,1260,0,1,0,0,1,0,0
655,8250,59.0,113700.0,110.0,1.0,0,1600,1065,0,0,1,0,0,0,1
656,9950,67.0,113118.0,86.0,1.0,0,1300,1020,0,0,1,0,1,0,0
657,8250,59.0,112827.0,86.0,1.0,0,1300,1040,0,0,1,0,0,0,1
658,9950,68.0,112116.0,110.0,1.0,0,1600,1070,0,0,1,0,0,0,1
659,10500,66.0,112000.0,110.0,1.0,0,1600,1065,0,0,1,0,1,0,0
660,7950,62.0,112000.0,72.0,0.0,0,2000,1135,0,1,0,0,0,1,0
661,9750,65.0,111769.0,110.0,0.0,0,1600,1065,0,0,1,0,1,0,0
662,9250,61.0,110853.0,110.0,1.0,0,1600,1070,0,0,1,0,0,0,1
663,9500,68.0,110287.0,110.0,1.0,0,1600,1050,0,0,1,0,1,0,0
664,9950,62.0,109547.0,110.0,1.0,0,1600,1075,0,0,1,0,0,0,1
665,7750,63.0,109230.0,110.0,0.0,0,1600,1050,0,0,1,0,1,0,0
666,9500,68.0,109150.0,110.0,0.0,0,1600,1075,0,0,1,0,0,0,1
667,9950,67.0,108793.0,110.0,1.0,0,1600,1035,0,0,1,0,0,1,0
668,9750,64.0,106784.0,110.0,0.0,1,1600,1050,0,0,1,0,1,0,0
669,9750,58.0,105942.0,86.0,0.0,0,1300,1040,0,0,1,0,0,0,1
670,5950,59.0,105000.0,86.0,1.0,0,1300,1015,0,0,1,0,1,0,0
671,8500,56.0,105000.0,86.0,0.0,0,1300,1040,0,0,1,0,0,0,1
672,8495,68.0,104299.0,110.0,1.0,0,1600,1085,0,0,1,0,0,0,1
673,9250,67.0,104000.0,86.0,0.0,0,1300,1020,0,0,1,0,1,0,0
674,6900,56.0,104000.0,86.0,1.0,0,1300,1015,0,0,1,0,1,0,0
675,8950,58.0,103458.0,86.0,1.0,0,1300,1025,0,0,1,0,1,0,0
676,9500,56.0,103400.0,110.0,1.0,0,1600,1075,0,0,1,0,0,0,1
677,9250,63.0,102807.0,86.0,0.0,0,1300,1055,0,0,1,0,0,0,1
678,9895,68.0,102494.0,110.0,0.0,0,1600,1090,0,0,1,0,0,0,1
679,9950,57.0,102300.0,72.0,1.0,0,2000,1135,0,1,0,0,0,0,1
680,7950,61.0,102106.0,110.0,0.0,0,1600,1050,0,0,1,0,1,0,0
681,8750,68.0,101889.0,110.0,1.0,0,1600,1075,0,0,1,0,0,0,1
682,8250,57.0,101791.0,72.0,0.0,0,2000,1115,0,1,0,0,1,0,0
683,8950,63.0,101469.0,110.0,1.0,0,1600,1065,0,0,1,0,1,0,0
684,8950,68.0,101001.0,110.0,0.0,0,1600,1075,0,0,1,0,0,0,1
685,8950,61.0,100748.0,110.0,1.0,0,1600,1070,0,0,1,0,0,0,1
686,8950,65.0,100550.0,110.0,1.0,0,1600,1075,0,0,1,0,0,0,1
687,9450,67.0,99781.0,110.0,1.0,0,1600,1085,0,0,1,0,0,0,1
688,8950,59.0,98658.0,86.0,1.0,0,1300,1020,0,0,1,0,1,0,0
689,9250,65.0,98500.0,110.0,1.0,0,1600,1075,0,0,1,0,0,0,1
690,8750,64.0,98291.0,86.0,0.0,0,1300,1000,0,0,1,0,0,1,0
691,9950,61.0,97648.0,110.0,1.0,0,1600,1065,0,0,1,0,1,0,0
692,9950,56.0,97425.0,110.0,1.0,0,1600,1075,0,0,1,0,0,0,1
693,9900,65.0,97173.0,86.0,0.0,0,1300,1015,0,0,1,0,1,0,0
694,8950,66.0,97046.0,86.0,1.0,0,1300,1000,0,0,1,0,0,1,0
695,8950,67.0,96000.0,110.0,1.0,0,1600,1050,0,0,1,0,1,0,0
696,12250,56.0,96000.0,72.0,1.0,0,2000,1100,0,0,1,0,0,1,0
697,9250,67.0,95750.0,110.0,1.0,0,1600,1070,0,0,1,0,0,0,1
698,10250,61.0,95147.0,110.0,1.0,0,1600,1050,0,0,1,0,1,0,0
699,8950,56.0,95000.0,110.0,0.0,0,1600,1050,0,0,1,0,1,0,0
700,7999,65.0,95000.0,110.0,1.0,0,1600,1050,0,0,1,0,1,0,0
701,9900,66.0,94606.0,110.0,0.0,0,1600,1065,0,0,1,0,1,0,0
702,8250,63.0,94504.0,86.0,1.0,0,1300,1000,0,0,1,0,0,1,0
703,10500,65.0,93428.0,110.0,1.0,0,1600,1075,0,0,1,0,0,0,1
704,8450,65.0,93408.0,86.0,0.0,0,1300,1015,0,0,1,0,1,0,0
705,9900,68.0,93296.0,110.0,1.0,0,1600,1090,0,0,1,0,0,0,1
706,10500,62.0,93098.0,110.0,1.0,0,1600,1075,0,0,1,0,0,0,1
707,8500,67.0,92922.0,72.0,1.0,0,2000,1100,0,1,0,0,0,1,0
708,9500,61.0,92498.0,110.0,1.0,0,1600,1050,0,0,1,0,1,0,0
709,9450,65.0,92226.0,110.0,0.0,0,1600,1065,0,0,1,0,1,0,0
710,9900,56.0,91505.0,72.0,0.0,0,2000,1115,0,1,0,0,1,0,0
711,8250,56.0,91333.0,110.0,1.0,0,1600,1050,0,0,1,0,1,0,0
712,8750,56.0,91246.0,86.0,1.0,0,1300,1015,0,0,1,0,1,0,0
713,9500,58.0,91000.0,110.0,1.0,0,1600,1075,0,0,1,0,0,0,1
714,8450,68.0,90727.0,110.0,0.0,0,1600,1050,0,0,1,0,1,0,0
715,8490,62.0,90000.0,110.0,0.0,0,1600,1050,0,0,1,0,1,0,0
716,8750,60.0,89576.0,110.0,0.0,0,1600,1035,0,0,1,0,0,1,0
717,9750,64.0,89145.0,86.0,1.0,0,1300,1025,0,0,1,0,1,0,0
718,9950,63.0,89000.0,110.0,1.0,0,1600,1085,0,0,1,0,0,0,1
719,8500,68.0,88807.0,110.0,0.0,0,1600,1050,0,0,1,0,1,0,0
720,8450,63.0,88685.0,110.0,0.0,0,1600,1070,0,0,1,0,0,0,1
721,7900,62.0,88667.0,110.0,1.0,0,1600,1040,0,0,1,0,0,1,0
722,8750,57.0,88480.0,110.0,1.0,0,1600,1050,0,0,1,0,1,0,0
723,7950,61.0,88127.0,86.0,0.0,0,1300,1015,0,0,1,0,1,0,0
724,6900,62.0,88000.0,86.0,0.0,0,1300,1020,0,0,1,0,1,0,0
725,8150,65.0,87821.0,86.0,1.0,0,1300,1015,0,0,1,0,1,0,0
726,10995,59.0,87654.0,86.0,1.0,1,1300,1065,0,0,1,0,0,0,1
727,8900,59.0,86888.0,110.0,1.0,0,1600,1050,0,0,1,0,1,0,0
728,9500,59.0,86871.0,86.0,1.0,0,1300,1040,0,0,1,0,0,0,1
729,8950,68.0,86714.0,110.0,1.0,0,1600,1035,0,0,1,0,0,1,0
730,11500,65.0,85889.0,110.0,1.0,0,1600,1065,0,0,1,0,1,0,0
731,10450,62.0,85000.0,110.0,1.0,0,1600,1050,0,0,1,0,1,0,0
732,10500,60.0,85000.0,86.0,1.0,0,1300,1025,0,0,1,0,1,0,0
733,9250,68.0,84976.0,110.0,1.0,0,1600,1035,0,0,1,0,0,1,0
734,10950,65.0,84558.0,110.0,1.0,0,1600,1120,0,0,1,0,0,0,1
735,10450,62.0,84549.0,110.0,1.0,0,1600,1075,0,0,1,0,0,0,1
736,9250,68.0,84482.0,110.0,1.0,0,1600,1075,0,0,1,0,0,0,1
737,8750,62.0,83908.0,110.0,1.0,0,1600,1070,0,0,1,0,0,0,1
738,8750,67.0,83560.0,86.0,0.0,0,1300,1015,0,0,1,0,1,0,0
739,9800,68.0,83000.0,107.0,1.0,1,1600,1100,0,0,1,0,0,0,1
740,8250,64.0,82723.0,86.0,0.0,0,1300,1015,0,0,1,0,1,0,0
741,10450,62.0,82421.0,110.0,1.0,0,1600,1065,0,0,1,0,1,0,0
742,9750,58.0,82254.0,110.0,0.0,0,1600,1050,0,0,1,0,0,0,1
743,8950,61.0,82115.0,110.0,1.0,0,1600,1055,0,0,1,0,1,0,0
744,7450,65.0,82000.0,86.0,1.0,0,1300,1015,0,0,1,0,1,0,0
745,8450,68.0,81965.0,86.0,1.0,0,1300,1035,0,0,1,0,0,0,1
746,8250,56.0,81250.0,110.0,0.0,0,1600,1050,0,0,1,0,1,0,0
747,10950,65.0,81192.0,110.0,1.0,0,1600,1065,0,0,1,0,1,0,0
748,8950,61.0,81170.0,110.0,1.0,0,1600,1040,0,0,1,0,0,1,0
749,8750,66.0,81083.0,86.0,0.0,0,1300,1015,0,0,1,0,1,0,0
750,10450,61.0,80714.0,110.0,1.0,0,1600,1075,0,0,1,0,0,0,1
751,10950,57.0,80470.0,110.0,0.0,0,1600,1085,0,0,1,0,0,0,1
752,8450,65.0,80439.0,110.0,1.0,0,1600,1035,0,0,1,0,0,1,0
753,9950,59.0,80430.0,110.0,1.0,0,1600,1065,0,0,1,0,1,0,0
754,9950,56.0,80426.0,110.0,1.0,0,1600,1055,0,0,1,0,1,0,0
755,8750,62.0,80265.0,86.0,0.0,0,1300,1015,0,0,1,0,1,0,0
756,9950,65.0,80153.0,110.0,0.0,0,1600,1070,0,0,1,0,0,0,1
757,9500,68.0,80121.0,110.0,0.0,0,1600,1070,0,0,1,0,0,0,1
758,8250,65.0,80086.0,110.0,1.0,0,1600,1035,0,0,1,0,0,1,0
759,10950,62.0,80000.0,110.0,1.0,0,1600,1075,0,0,1,0,0,0,1
760,7950,60.0,80000.0,86.0,0.0,0,1300,1015,0,0,1,0,0,0,1
761,8250,65.0,80000.0,86.0,1.0,0,1300,1015,0,0,1,1,0,0,0
762,9895,67.0,79858.0,110.0,1.0,0,1600,1040,0,0,1,0,0,1,0
763,9130,67.0,79762.0,86.0,1.0,0,1300,1015,0,0,1,0,1,0,0
764,10950,59.0,79660.0,86.0,0.0,1,1300,1065,0,0,1,0,0,0,1
765,10500,60.0,79150.0,110.0,1.0,0,1600,1075,0,0,1,0,0,0,1
766,8900,61.0,79000.0,110.0,1.0,0,1600,1050,0,0,1,0,1,0,0
767,9500,57.0,78955.0,86.0,1.0,0,1300,1045,0,0,1,0,0,0,1
768,10950,59.0,78750.0,90.0,1.0,0,1975,1155,0,1,0,0,0,0,1
769,7950,68.0,78521.0,86.0,0.0,0,1300,1015,0,0,1,0,1,0,0
770,7950,64.0,78356.0,86.0,1.0,0,1300,1015,0,0,1,0,1,0,0
771,7950,65.0,78076.0,86.0,1.0,0,1300,1015,0,0,1,0,1,0,0
772,9500,56.0,78063.0,107.0,1.0,1,1600,1100,0,0,1,0,0,0,1
773,10950,56.0,77821.0,110.0,1.0,0,1600,1075,0,0,1,0,0,0,1
774,9750,68.0,77695.0,110.0,1.0,0,1600,1035,0,0,1,0,0,1,0
775,9750,65.0,77500.0,110.0,1.0,0,1600,1050,0,0,1,0,1,0,0
776,9450,63.0,77457.0,110.0,1.0,0,1600,1055,0,0,1,0,1,0,0
777,8950,68.0,77029.0,86.0,1.0,0,1300,1015,0,0,1,0,1,0,0
778,8950,68.0,77008.0,86.0,1.0,0,1300,1015,0,0,1,0,1,0,0
779,8900,66.0,76791.0,110.0,1.0,0,1600,1070,0,0,1,0,0,0,1
780,9950,61.0,76700.0,86.0,1.0,0,1300,1035,0,0,1,0,0,0,1
781,8750,67.0,76569.0,86.0,1.0,0,1300,1020,0,0,1,0,1,0,0
782,8950,59.0,76162.0,110.0,1.0,0,1600,1075,0,0,1,0,0,0,1
783,8990,65.0,76155.0,110.0,1.0,0,1600,1035,0,0,1,0,0,1,0
784,8950,61.0,75609.0,86.0,1.0,0,1300,1015,0,0,1,0,1,0,0
785,8950,62.0,75569.0,72.0,1.0,0,2000,1120,0,1,0,0,1,0,0
786,9950,56.0,75429.0,110.0,1.0,0,1600,1065,0,0,1,0,1,0,0
787,9900,68.0,75000.0,110.0,1.0,0,1600,1075,0,0,1,0,0,0,1
788,8950,65.0,75000.0,86.0,0.0,0,1300,1015,0,0,1,0,1,0,0
789,8950,62.0,75000.0,110.0,1.0,0,1600,1070,0,0,1,0,0,0,1
790,9500,66.0,74963.0,107.0,0.0,1,1600,1085,0,0,1,0,1,0,0
791,7950,68.0,74889.0,86.0,1.0,0,1300,1015,0,0,1,0,1,0,0
792,7750,56.0,74875.0,110.0,0.0,0,1600,1070,0,0,1,0,0,0,1
793,8950,63.0,74747.0,110.0,1.0,0,1600,1075,0,0,1,0,0,0,1
794,11950,60.0,74720.0,110.0,1.0,0,1600,1085,0,0,1,0,0,0,1
795,8950,62.0,74457.0,110.0,0.0,0,1600,1075,0,0,1,0,0,0,1
796,11950,60.0,74337.0,86.0,0.0,0,1300,1035,0,0,1,0,0,0,1
797,8950,68.0,74308.0,110.0,0.0,0,1600,1050,0,0,1,0,1,0,0
798,9950,64.0,74193.0,110.0,1.0,0,1600,1050,0,0,1,0,1,0,0
799,8250,65.0,74179.0,110.0,1.0,0,1600,1050,0,0,1,0,1,0,0
800,8995,67.0,73936.0,86.0,1.0,0,1300,1050,0,0,1,0,0,0,1
801,9995,61.0,73894.0,110.0,1.0,0,1600,1065,0,0,1,0,1,0,0
802,9250,64.0,73500.0,110.0,1.0,0,1600,1050,0,0,1,0,1,0,0
803,10950,64.0,73376.0,110.0,0.0,0,1600,1070,0,0,1,0,0,0,1
804,8900,56.0,73300.0,86.0,1.0,0,1300,1015,0,0,1,0,1,0,0
805,9500,56.0,73172.0,110.0,1.0,0,1600,1075,0,0,1,0,0,0,1
806,9950,58.0,72928.0,110.0,1.0,0,1600,1075,0,0,1,0,0,0,1
807,7950,67.0,72880.0,86.0,1.0,0,1332,1015,0,0,1,0,1,0,0
808,8250,63.0,72522.0,110.0,1.0,0,1600,1050,0,0,1,0,1,0,0
809,9450,64.0,72000.0,86.0,1.0,0,1300,1015,0,0,1,0,1,0,0
810,7950,57.0,72000.0,86.0,0.0,0,1300,1015,0,0,1,0,1,0,0
811,9500,59.0,71366.0,110.0,0.0,0,1600,1065,0,0,1,0,1,0,0
812,8950,65.0,71317.0,110.0,1.0,0,1600,1050,0,0,1,0,1,0,0
813,10950,62.0,71000.0,110.0,0.0,0,1600,1070,0,0,1,0,0,0,1
814,8950,60.0,70954.0,110.0,0.0,0,1600,1050,0,0,1,0,1,0,0
815,9450,63.0,70908.0,86.0,0.0,0,1300,1035,0,0,1,0,0,0,1
816,8000,58.0,70560.0,110.0,1.0,0,1600,1050,0,0,1,0,1,0,0
817,9900,67.0,70552.0,110.0,0.0,0,1600,1075,0,0,1,0,0,0,1
818,8950,62.0,70500.0,110.0,1.0,0,1600,1035,0,0,1,0,0,0,1
819,10900,60.0,70453.0,72.0,0.0,0,2000,1135,0,1,0,0,0,0,1
820,9450,59.0,70218.0,110.0,1.0,0,1600,1050,0,0,1,0,1,0,0
821,8450,64.0,70116.0,110.0,1.0,0,1600,1035,0,0,1,0,0,1,0
822,9500,65.0,70068.0,110.0,1.0,0,1600,1075,0,0,1,0,0,0,1
823,10500,67.0,70000.0,107.0,1.0,1,1587,1065,0,0,1,0,1,0,0
824,6950,68.0,70000.0,86.0,1.0,0,1300,1015,0,0,1,0,1,0,0
825,9750,68.0,69103.0,110.0,0.0,0,1600,1035,0,0,1,0,0,1,0
826,6950,58.0,69022.0,86.0,1.0,0,1300,1035,0,0,1,0,0,0,1
827,9650,67.0,69000.0,110.0,1.0,0,1600,1065,0,0,1,0,1,0,0
828,9950,68.0,68865.0,110.0,1.0,0,1600,1065,0,0,1,0,1,0,0
829,9250,58.0,68723.0,86.0,0.0,0,1300,1025,0,0,1,0,1,0,0
830,8950,63.0,68453.0,110.0,1.0,0,1600,1070,0,0,1,0,0,0,1
831,9900,63.0,68238.0,86.0,0.0,0,1300,1050,0,0,1,0,0,0,1
832,10995,63.0,68153.0,110.0,1.0,0,1600,1085,0,0,1,0,0,0,1
833,10500,65.0,68000.0,110.0,0.0,0,1600,1075,0,0,1,0,0,0,1
834,8950,65.0,68000.0,86.0,1.0,0,1300,1015,0,0,1,0,1,0,0
835,9750,67.0,67762.0,110.0,1.0,0,1600,1065,0,0,1,0,1,0,0
836,10950,68.0,67146.0,110.0,1.0,0,1600,1075,0,0,1,0,0,0,1
837,9750,67.0,67110.0,86.0,1.0,0,1300,1035,0,0,1,0,0,0,1
838,9950,59.0,67010.0,110.0,1.0,0,1600,1065,0,0,1,0,1,0,0
839,10500,65.0,67003.0,110.0,1.0,0,1600,1035,0,0,1,0,0,1,0
840,10400,68.0,66785.0,86.0,0.0,1,1300,1045,0,0,1,0,1,0,0
841,8800,68.0,66550.0,86.0,0.0,0,1332,1010,0,0,1,0,1,0,0
842,10500,61.0,66259.0,110.0,1.0,0,1600,1065,0,0,1,0,1,0,0
843,9250,62.0,66082.0,110.0,1.0,0,1600,1070,0,0,1,0,0,0,1
844,7800,65.0,66000.0,86.0,1.0,0,1300,1015,0,0,1,0,1,0,0
845,9950,61.0,66000.0,110.0,0.0,0,1600,1050,0,0,1,0,1,0,0
846,10750,63.0,65896.0,110.0,1.0,0,1600,1065,0,0,1,0,1,0,0
847,10950,67.0,65785.0,110.0,1.0,0,1600,1075,0,0,1,0,0,0,1
848,9950,65.0,65513.0,110.0,1.0,1,1600,1070,0,0,1,0,0,1,0
849,9950,59.0,65463.0,110.0,1.0,0,1600,1070,0,0,1,0,0,0,1
850,8100,56.0,65400.0,86.0,1.0,0,1300,1000,0,0,1,0,0,1,0
851,9250,60.0,65259.0,110.0,1.0,0,1600,1050,0,0,1,0,1,0,0
852,7800,64.0,65000.0,110.0,1.0,0,1600,1050,0,0,1,0,1,0,0
853,9000,68.0,65000.0,110.0,0.0,0,1600,1070,0,0,1,0,0,0,1
854,8950,57.0,65000.0,110.0,0.0,0,1600,1035,0,0,1,0,0,1,0
855,8950,62.0,64966.0,86.0,1.0,0,1300,1020,0,0,1,0,1,0,0
856,9950,68.0,64950.0,110.0,1.0,0,1600,1075,0,0,1,0,0,0,1
857,8500,60.0,64914.0,110.0,1.0,0,1600,1070,0,0,1,0,0,0,1
858,7995,62.0,64797.0,110.0,1.0,0,1600,1075,0,0,1,0,0,0,1
859,8750,65.0,64772.0,110.0,1.0,0,1600,1050,0,0,1,0,1,0,0
860,9750,63.0,64690.0,86.0,0.0,0,1300,1020,0,0,1,0,1,0,0
861,10950,65.0,64630.0,110.0,0.0,0,1600,1070,0,0,1,0,0,0,1
862,9750,67.0,64613.0,110.0,1.0,0,1600,1085,0,0,1,0,0,0,1
863,8200,60.0,64383.0,86.0,1.0,0,1300,1015,0,0,1,0,1,0,0
864,8950,68.0,64000.0,110.0,1.0,0,1600,1075,0,0,1,0,0,0,1
865,9500,66.0,63881.0,86.0,0.0,0,1300,1015,0,0,1,0,1,0,0
866,10950,58.0,63870.0,72.0,0.0,0,2000,1135,0,1,0,0,0,0,1
867,9750,66.0,63328.0,86.0,0.0,1,1300,1065,0,0,1,0,0,0,1
868,9950,65.0,63000.0,86.0,1.0,1,1300,1065,0,0,1,0,0,0,1
869,10450,56.0,63000.0,86.0,0.0,1,1300,1050,0,0,1,0,1,0,0
870,9850,65.0,62396.0,110.0,0.0,0,1600,1050,0,0,1,0,1,0,0
871,9450,62.0,62377.0,110.0,1.0,0,1600,1075,0,0,1,0,0,0,1
872,10295,67.0,62316.0,110.0,1.0,0,1600,1050,0,0,1,0,1,0,0
873,9750,68.0,62292.0,110.0,1.0,0,1600,1065,0,0,1,0,1,0,0
874,8950,65.0,62225.0,110.0,1.0,0,1600,1050,0,0,1,0,1,0,0
875,9900,68.0,62222.0,110.0,0.0,0,1600,1075,0,0,1,0,0,0,1
876,8750,66.0,62135.0,86.0,1.0,0,1300,1035,0,0,1,0,0,0,1
877,9950,58.0,62024.0,110.0,1.0,0,1600,1075,0,0,1,0,0,0,1
878,8500,60.0,61977.0,86.0,1.0,0,1300,1015,0,0,1,0,1,0,0
879,9950,62.0,61930.0,110.0,1.0,0,1600,1035,0,0,1,0,0,1,0
880,10950,57.0,61682.0,110.0,0.0,0,1600,1050,0,0,1,0,1,0,0
881,9795,68.0,61568.0,110.0,1.0,0,1600,1035,0,0,1,0,0,1,0
882,8750,68.0,61504.0,110.0,1.0,0,1600,1035,0,0,1,0,0,1,0
883,8250,65.0,61384.0,110.0,1.0,0,1600,1050,0,0,1,0,1,0,0
884,9950,58.0,61343.0,110.0,1.0,0,1600,1075,0,0,1,0,0,0,1
885,9950,62.0,61254.0,110.0,0.0,0,1600,1075,0,0,1,0,0,0,1
886,10500,59.0,61166.0,110.0,1.0,0,1600,1050,0,0,1,0,1,0,0
887,9750,62.0,61149.0,86.0,1.0,0,1300,1040,0,0,1,0,0,0,1
888,11250,61.0,61144.0,110.0,1.0,0,1600,1090,0,0,1,0,0,0,1
889,8900,59.0,61127.0,110.0,1.0,0,1600,1050,0,0,1,0,1,0,0
890,7950,60.0,61100.0,86.0,1.0,0,1300,1015,0,0,1,0,1,0,0
891,11500,68.0,61100.0,110.0,1.0,0,1600,1075,0,0,1,0,0,0,1
892,9450,57.0,61000.0,110.0,1.0,0,1600,1050,0,0,1,0,1,0,0
893,7995,65.0,60724.0,86.0,1.0,0,1300,1015,0,0,1,0,1,0,0
894,10995,59.0,60708.0,86.0,1.0,0,1300,1045,0,0,1,0,0,0,1
895,8950,61.0,60532.0,110.0,1.0,0,1600,1050,0,0,1,0,1,0,0
896,8250,56.0,60000.0,86.0,0.0,1,1300,1030,0,0,1,0,0,1,0
897,8950,66.0,60000.0,86.0,1.0,0,1300,1015,0,0,1,0,1,0,0
898,8950,65.0,60000.0,86.0,1.0,0,1300,1015,0,0,1,0,1,0,0
899,9500,62.0,59295.0,86.0,0.0,0,1300,1035,0,0,1,0,0,0,1
900,7500,65.0,59264.0,86.0,0.0,0,1300,1015,0,0,1,0,1,0,0
901,8950,63.0,59000.0,110.0,0.0,0,1600,1050,0,0,1,0,1,0,0
902,9950,63.0,59000.0,86.0,1.0,0,1300,1035,0,0,1,0,0,0,1
903,9750,65.0,59000.0,110.0,0.0,0,1600,1075,0,0,1,0,0,0,1
904,9450,61.0,59000.0,110.0,1.0,0,1600,1070,0,0,1,0,0,0,1
905,9950,65.0,59000.0,110.0,0.0,0,1600,1050,0,0,1,0,1,0,0
906,9750,68.0,58860.0,110.0,1.0,0,1600,1055,0,0,1,0,1,0,0
907,8950,65.0,58829.0,110.0,0.0,0,1600,1050,0,0,1,0,1,0,0
908,8250,66.0,58654.0,110.0,1.0,0,1600,1070,0,0,1,0,0,0,1
909,7750,65.0,58300.0,86.0,1.0,0,1300,1015,0,0,1,0,1,0,0
910,8950,60.0,58269.0,110.0,1.0,0,1600,1050,0,0,1,0,1,0,0
911,9950,64.0,58136.0,110.0,1.0,0,1600,1075,0,0,1,0,0,0,1
912,9450,66.0,58113.0,107.0,1.0,1,1600,1085,0,0,1,0,1,0,0
913,12950,67.0,58058.0,110.0,1.0,0,1600,1065,0,0,1,0,1,0,0
914,9950,58.0,58000.0,110.0,1.0,0,1600,1050,0,0,1,0,1,0,0
915,10495,62.0,58000.0,110.0,1.0,0,1600,1065,0,0,1,0,1,0,0
916,7950,68.0,57565.0,86.0,1.0,0,1300,1035,0,0,1,0,0,0,1
917,10500,63.0,57413.0,107.0,0.0,1,1600,1115,0,0,1,0,0,0,1
918,8950,65.0,57374.0,110.0,1.0,0,1600,1075,0,0,1,0,0,0,1
919,9900,62.0,57179.0,110.0,1.0,0,1600,1075,0,0,1,0,0,0,1
920,9995,61.0,57169.0,110.0,1.0,0,1600,1065,0,0,1,0,1,0,0
921,9950,63.0,57124.0,110.0,1.0,0,1600,1065,0,0,1,0,1,0,0
922,9950,63.0,57000.0,110.0,1.0,0,1600,1050,0,0,1,0,1,0,0
923,8250,67.0,57000.0,110.0,0.0,0,1600,1050,0,0,1,0,1,0,0
924,9950,63.0,57000.0,86.0,1.0,0,1300,1035,0,0,1,0,0,0,1
925,8950,59.0,56259.0,86.0,0.0,0,1300,1015,0,0,1,0,1,0,0
926,10950,62.0,56209.0,107.0,1.0,1,1600,1080,0,0,1,0,1,0,0
927,9250,67.0,56074.0,86.0,0.0,0,1300,1000,0,0,1,0,0,1,0
928,9950,63.0,55942.0,110.0,1.0,0,1600,1070,0,0,1,0,0,0,1
929,9995,57.0,55844.0,86.0,1.0,0,1300,1045,0,0,1,0,0,0,1
930,8750,61.0,55747.0,86.0,0.0,0,1300,1020,0,0,1,0,1,0,0
931,10950,58.0,55478.0,86.0,0.0,0,1300,1045,0,0,1,0,0,0,1
932,10350,56.0,55085.0,107.0,0.0,1,1600,1105,0,0,1,0,0,0,1
933,9950,65.0,55061.0,110.0,1.0,0,1600,1070,0,0,1,0,0,0,1
934,8950,65.0,55000.0,86.0,1.0,0,1300,1015,0,0,1,0,1,0,0
935,10950,57.0,55000.0,110.0,0.0,0,1600,1075,0,0,1,0,0,0,1
936,10950,63.0,54936.0,110.0,1.0,0,1600,1075,0,0,1,0,0,0,1
937,8950,68.0,54875.0,110.0,1.0,0,1600,1070,0,0,1,0,0,0,1
938,8900,67.0,54847.0,110.0,0.0,0,1600,1050,0,0,1,0,1,0,0
939,10250,60.0,54554.0,110.0,1.0,0,1600,1065,0,0,1,0,1,0,0
940,9450,61.0,54125.0,110.0,1.0,0,1600,1035,0,0,1,0,0,0,1
941,9250,61.0,54000.0,110.0,1.0,0,1600,1055,0,0,1,0,1,0,0
942,10500,57.0,54000.0,110.0,1.0,0,1600,1075,0,0,1,0,0,0,1
943,7350,58.0,54000.0,86.0,0.0,0,1300,1035,0,0,1,0,0,0,1
944,10250,57.0,54000.0,110.0,1.0,0,1600,1135,0,0,1,0,1,0,0
945,10250,62.0,53285.0,110.0,1.0,0,1600,1075,0,0,1,0,0,0,1
946,11500,65.0,53053.0,110.0,1.0,0,1600,1075,0,0,1,0,0,0,1
947,8950,68.0,53000.0,110.0,1.0,1,1587,1075,0,0,1,0,1,0,0
948,7750,56.0,53000.0,86.0,0.0,0,1300,1015,0,0,1,0,1,0,0
949,9500,64.0,52968.0,110.0,1.0,0,1600,1050,0,0,1,0,1,0,0
950,8450,67.0,52800.0,86.0,1.0,0,1300,1015,0,0,1,0,1,0,0
951,8950,57.0,52548.0,110.0,0.0,0,1600,1050,0,0,1,0,1,0,0
952,8400,60.0,52487.0,110.0,1.0,0,1600,1035,0,0,1,0,0,1,0
953,9250,66.0,52383.0,86.0,0.0,0,1300,1015,0,0,1,0,1,0,0
954,8900,61.0,52112.0,110.0,1.0,0,1600,1035,0,0,1,0,0,1,0
955,8750,58.0,51712.0,110.0,0.0,0,1600,1050,0,0,1,0,1,0,0
956,10950,58.0,51421.0,110.0,0.0,1,1600,1105,0,0,1,0,0,0,1
957,8950,61.0,51235.0,86.0,1.0,0,1300,1000,0,0,1,0,0,1,0
958,8950,65.0,51000.0,86.0,1.0,0,1300,1015,0,0,1,0,1,0,0
959,8895,61.0,50925.0,110.0,1.0,0,1600,1070,0,0,1,0,0,0,1
960,9390,66.0,50806.0,86.0,0.0,0,1300,1480,0,0,1,0,1,0,0
961,8750,59.0,50469.0,110.0,1.0,0,1600,1070,0,0,1,0,0,0,1
962,9750,61.0,50173.0,110.0,1.0,0,1600,1075,0,0,1,0,0,0,1
963,9950,62.0,50000.0,110.0,1.0,0,1600,1075,0,0,1,0,0,0,1
964,10950,65.0,49942.0,110.0,0.0,0,1600,1065,0,0,1,0,1,0,0
965,9900,67.0,49585.0,110.0,0.0,0,1600,1085,0,0,1,0,0,0,1
966,9500,62.0,49258.0,110.0,1.0,0,1600,1035,0,0,1,0,0,1,0
967,9950,61.0,49000.0,110.0,0.0,0,1600,1050,0,0,1,0,1,0,0
968,9950,63.0,48738.0,110.0,0.0,0,1600,1055,0,0,1,0,0,0,1
969,10500,62.0,47750.0,86.0,1.0,0,1300,1040,0,0,1,0,0,0,1
970,9950,63.0,47612.0,86.0,0.0,0,1300,1015,0,0,1,0,1,0,0
971,10495,68.0,47500.0,86.0,1.0,0,1300,1035,0,0,1,0,0,0,1
972,9500,56.0,47237.0,110.0,0.0,0,1600,1050,0,0,1,0,1,0,0
973,8500,58.0,47171.0,86.0,1.0,0,1300,1015,0,0,1,0,1,0,0
974,10450,60.0,47060.0,110.0,0.0,0,1600,1035,0,0,1,0,0,1,0
975,8950,65.0,47014.0,86.0,1.0,0,1300,1015,0,0,1,0,1,0,0
976,9900,59.0,46929.0,86.0,1.0,0,1300,1025,0,0,1,0,1,0,0
977,8900,56.0,46000.0,86.0,0.0,0,1300,1035,0,0,1,0,0,0,1
978,8745,65.0,45681.0,110.0,0.0,0,1600,1050,0,0,1,0,1,0,0
979,8750,65.0,45549.0,86.0,1.0,0,1300,1015,0,0,1,0,1,0,0
980,10750,57.0,45000.0,110.0,1.0,0,1600,1050,0,0,1,0,0,0,1
981,9750,57.0,45000.0,110.0,1.0,0,1600,1050,0,0,1,0,1,0,0
982,8850,65.0,45000.0,110.0,0.0,0,1600,1075,0,0,1,0,0,0,1
983,7950,66.0,45000.0,86.0,1.0,0,1300,1035,0,0,1,0,0,0,1
984,9450,63.0,45000.0,110.0,1.0,0,1600,1035,0,0,1,0,0,1,0
985,9950,61.0,45000.0,107.0,0.0,1,1600,1085,0,0,1,0,1,0,0
986,8250,63.0,44944.0,110.0,1.0,0,1600,1035,0,0,1,0,0,1,0
987,9950,61.0,44597.0,86.0,1.0,0,1300,1015,0,0,1,0,1,0,0
988,9995,56.0,44458.0,86.0,0.0,0,1300,1015,0,0,1,0,1,0,0
989,9950,59.0,43818.0,110.0,0.0,0,1600,1070,0,0,1,0,0,0,1
990,10495,60.0,43426.0,110.0,1.0,0,1600,1070,0,0,1,0,0,0,1
991,7950,56.0,43000.0,110.0,1.0,1,1600,1114,0,0,1,0,0,1,0
992,8950,68.0,43000.0,110.0,1.0,0,1600,1035,0,0,1,0,0,0,1
993,9695,57.0,43000.0,110.0,0.0,0,1600,1075,0,0,1,0,0,0,1
994,7750,64.0,43000.0,86.0,1.0,0,1300,1015,0,0,1,0,1,0,0
995,9950,68.0,42750.0,110.0,1.0,0,1600,1050,0,0,1,0,1,0,0
996,9950,67.0,42102.0,110.0,1.0,0,1600,1075,0,0,1,0,0,0,1
997,9950,63.0,41586.0,110.0,1.0,0,1600,1114,0,0,1,0,0,0,1
998,9900,64.0,41200.0,110.0,1.0,0,1600,1070,0,0,1,0,0,0,1
999,10950,57.0,40214.0,86.0,0.0,0,1300,1025,0,0,1,0,1,0,0
1000,8950,60.0,40000.0,86.0,1.0,0,1300,1000,0,0,1,0,0,1,0
1001,8950,66.0,39222.0,86.0,1.0,1,1300,1045,0,0,1,0,1,0,0
1002,8250,66.0,39144.0,110.0,1.0,0,1600,1050,0,0,1,0,1,0,0
1003,10250,62.0,39000.0,110.0,1.0,0,1600,1075,0,0,1,0,0,0,1
1004,8750,61.0,38019.0,110.0,1.0,0,1600,1070,0,0,1,0,0,0,1
1005,9750,56.0,37759.0,110.0,1.0,0,1600,1070,0,0,1,0,0,0,1
1006,10950,61.0,37500.0,110.0,0.0,0,1600,1085,0,0,1,0,0,0,1
1007,10950,60.0,37111.0,110.0,1.0,0,1600,1050,0,0,1,0,1,0,0
1008,9750,62.0,37000.0,86.0,0.0,0,1300,1015,0,0,1,0,1,0,0
1009,8900,59.0,36954.0,110.0,1.0,0,1600,1050,0,0,1,0,1,0,0
1010,9500,60.0,36943.0,110.0,0.0,0,1600,1070,0,0,1,0,0,0,1
1011,9950,63.0,36923.0,86.0,0.0,0,1300,1050,0,0,1,0,0,0,1
1012,9950,66.0,36658.0,110.0,0.0,0,1600,1050,0,0,1,0,1,0,0
1013,8250,65.0,36000.0,86.0,1.0,0,1300,1015,0,0,1,0,1,0,0
1014,10450,65.0,36000.0,110.0,1.0,0,1600,1065,0,0,1,0,1,0,0
1015,10950,62.0,35512.0,110.0,1.0,0,1600,1065,0,0,1,0,1,0,0
1016,9250,65.0,35283.0,86.0,1.0,0,1300,1015,0,0,1,0,1,0,0
1017,8900,68.0,35000.0,110.0,1.0,0,1600,1050,0,0,1,0,1,0,0
1018,10900,57.0,35000.0,86.0,1.0,0,1300,1045,0,0,1,0,0,0,1
1019,9750,64.0,34114.0,110.0,0.0,0,1600,1050,0,0,1,0,1,0,0
1020,11950,58.0,34000.0,110.0,0.0,0,1600,1075,0,0,1,0,0,0,1
1021,7900,68.0,33847.0,86.0,1.0,0,1300,1000,0,0,1,0,0,1,0
1022,10900,57.0,33535.0,110.0,0.0,0,1600,1035,0,0,1,0,0,1,0
1023,10450,65.0,33000.0,110.0,0.0,0,1600,1050,0,0,1,0,1,0,0
1024,10950,59.0,32150.0,110.0,1.0,0,1600,1085,0,0,1,0,0,0,1
1025,9950,65.0,31588.0,86.0,1.0,0,1300,1015,0,0,1,0,1,0,0
1026,10750,56.0,31480.0,110.0,1.0,0,1600,1065,0,0,1,0,1,0,0
1027,9900,57.0,31307.0,110.0,1.0,0,1600,1070,0,0,1,0,0,0,1
1028,10750,68.0,31000.0,110.0,1.0,0,1600,1035,0,0,1,0,0,1,0
1029,10450,58.0,30634.0,110.0,1.0,0,1600,1075,0,0,1,0,0,0,1
1030,9450,68.0,30300.0,86.0,1.0,0,1300,1000,0,0,1,0,0,1,0
1031,10750,60.0,28500.0,86.0,1.0,1,1300,1045,0,0,1,0,1,0,0
1032,10950,60.0,28500.0,110.0,0.0,0,1600,1075,0,0,1,0,0,0,1
1033,10000,57.0,28000.0,86.0,1.0,0,1300,1015,0,0,1,0,1,0,0
1034,10500,68.0,26698.0,110.0,0.0,0,1600,1055,0,0,1,0,1,0,0
1035,12500,62.0,26000.0,107.0,1.0,1,1600,1085,0,0,1,0,1,0,0
1036,8950,62.0,25505.0,86.0,1.0,0,1300,1035,0,0,1,0,0,0,1
1037,10500,58.0,25000.0,110.0,1.0,0,1600,1075,0,0,1,0,0,0,1
1038,9245,66.0,22835.0,110.0,1.0,0,1600,1050,0,0,1,0,1,0,0
1039,10950,59.0,22705.0,110.0,1.0,0,1600,1075,0,0,1,0,0,0,1
1040,9500,56.0,22178.0,86.0,1.0,0,1300,1015,0,0,1,0,1,0,0
1041,10900,62.0,17345.0,110.0,1.0,0,1600,1050,0,0,1,0,1,0,0
1042,10950,67.0,15535.0,86.0,1.0,1,1300,1030,0,0,1,0,0,1,0
1043,9450,66.0,15110.0,86.0,0.0,0,1300,1035,0,0,1,0,0,0,1
1044,5900,73.0,232940.0,72.0,0.0,0,2000,1172,0,1,0,0,0,0,1
1045,6950,79.0,218118.0,72.0,0.0,0,2000,1150,0,1,0,0,0,0,1
1046,6000,78.0,217764.0,72.0,1.0,0,2000,1135,0,1,0,0,0,0,1
1047,5250,79.0,207114.0,110.0,1.0,0,1600,1114,1,0,0,0,0,0,1
1048,4400,74.0,203254.0,72.0,1.0,0,2000,1135,0,1,0,0,1,0,0
1049,6750,77.0,63634.0,72.0,1.0,0,2000,1100,0,1,0,0,0,1,0
1050,8500,69.0,197501.0,72.0,0.0,0,2000,1135,0,1,0,0,0,0,1
1051,6150,80.0,194765.0,72.0,0.0,0,2000,1120,0,1,0,0,1,0,0
1052,6950,76.0,191620.0,72.0,0.0,0,2000,1150,0,1,0,0,0,0,1
1053,5750,76.0,183277.0,72.0,0.0,0,2000,1115,0,1,0,0,1,0,0
1054,8750,78.0,180378.0,72.0,1.0,0,2000,1100,0,0,1,0,0,1,0
1055,6500,70.0,178800.0,72.0,0.0,0,2000,1115,0,1,0,0,1,0,0
1056,5950,73.0,176177.0,110.0,1.0,0,1600,1075,0,0,1,0,0,0,1
1057,6500,78.0,176000.0,86.0,0.0,0,1300,1035,0,0,1,0,0,0,1
1058,10500,77.0,172980.0,72.0,1.0,0,2000,1135,0,1,0,0,0,0,1
1059,8500,77.0,170000.0,72.0,0.0,0,2000,1100,0,1,0,0,0,1,0
1060,7950,71.0,164000.0,110.0,1.0,0,1600,1050,0,0,1,0,1,0,0
1061,5800,78.0,161775.0,86.0,1.0,0,1300,1015,0,0,1,0,1,0,0
1062,6750,80.0,160000.0,86.0,0.0,0,1300,1015,0,0,1,0,1,0,0
1063,6950,78.0,159968.0,72.0,0.0,0,2000,1115,0,1,0,0,1,0,0
1064,5740,74.0,159908.0,110.0,0.0,0,1600,1050,0,0,1,0,1,0,0
1065,6550,73.0,158492.0,86.0,0.0,0,1300,1015,0,0,1,0,1,0,0
1066,8950,69.0,156204.0,72.0,1.0,0,2000,1115,0,1,0,0,1,0,0
1067,6750,73.0,156169.0,86.0,1.0,0,1300,1035,0,0,1,0,0,0,1
1068,7950,78.0,155210.0,110.0,0.0,0,1600,1050,0,0,1,0,1,0,0
1069,7950,69.0,155000.0,72.0,0.0,0,2000,1115,0,1,0,0,1,0,0
1070,7450,76.0,154900.0,72.0,1.0,0,2000,1140,0,1,0,0,0,0,1
1071,7750,70.0,151300.0,72.0,1.0,0,2000,1150,0,1,0,0,0,0,1
1072,6450,71.0,151000.0,110.0,1.0,0,1600,1094,1,0,0,0,0,0,1
1073,7900,75.0,150000.0,72.0,1.0,0,2000,1135,0,1,0,0,1,0,0
1074,6900,69.0,146304.0,72.0,1.0,0,2000,1115,0,1,0,0,1,0,0
1075,5600,75.0,146197.0,86.0,0.0,0,1300,1015,0,0,1,0,1,0,0
1076,5950,77.0,145996.0,110.0,0.0,0,1600,1035,0,0,1,0,0,1,0
1077,6950,80.0,143560.0,86.0,1.0,1,1300,1045,0,0,1,0,1,0,0
1078,7950,71.0,139145.0,73.0,0.0,0,2000,1115,0,1,0,1,0,0,0
1079,8950,56.0,138500.0,86.0,0.0,0,1300,1050,0,0,1,0,0,0,1
1080,7950,74.0,137741.0,90.0,1.0,0,2000,1135,0,1,0,0,0,0,1
1081,9500,80.0,137178.0,90.0,1.0,0,2000,1135,0,1,0,0,0,0,1
1082,8600,56.0,134889.0,72.0,1.0,0,2000,1115,0,1,0,0,1,0,0
1083,5950,71.0,134660.0,72.0,0.0,0,2000,1135,0,1,0,0,0,0,1
1084,7750,73.0,134539.0,110.0,1.0,0,1600,1070,0,0,1,0,0,0,1
1085,7950,79.0,131500.0,72.0,0.0,0,2000,1140,0,1,0,0,0,0,1
1086,6950,77.0,131307.0,110.0,1.0,0,1600,1050,0,0,1,0,1,0,0
1087,7250,74.0,130025.0,110.0,1.0,0,1600,1050,0,0,1,0,1,0,0
1088,6500,78.0,130000.0,86.0,1.0,0,1300,1015,0,0,1,0,0,0,1
1089,7250,77.0,128960.0,110.0,1.0,0,1600,1070,0,0,1,0,0,0,1
1090,9250,80.0,128351.0,110.0,1.0,0,1600,1070,0,0,1,0,0,0,1
1091,8250,73.0,128006.0,110.0,1.0,0,1600,1050,0,0,1,0,1,0,0
1092,7250,71.0,127159.0,72.0,1.0,0,2000,1115,0,1,0,0,1,0,0
1093,5250,72.0,126478.0,110.0,1.0,0,1600,1035,0,0,1,0,0,1,0
1094,7900,77.0,126000.0,110.0,1.0,0,1600,1050,0,0,1,0,0,0,1
1095,6900,76.0,125778.0,110.0,0.0,0,1600,1050,0,0,1,0,1,0,0
1096,7900,75.0,125400.0,110.0,0.0,0,1600,1050,0,0,1,0,1,0,0
1097,7250,74.0,124910.0,72.0,0.0,0,2000,1135,0,1,0,0,0,0,1
1098,8450,70.0,124743.0,110.0,1.0,0,1600,1050,0,0,1,0,1,0,0
1099,7950,56.0,124591.0,110.0,1.0,0,1600,1075,0,0,1,0,0,0,1
1100,7950,74.0,124057.0,110.0,1.0,0,1600,1050,0,0,1,0,1,0,0
1101,6450,72.0,123403.0,110.0,1.0,0,1600,1050,0,0,1,0,1,0,0
1102,6650,75.0,123104.0,110.0,1.0,0,1600,1070,0,0,1,0,0,0,1
1103,7950,74.0,123077.0,86.0,1.0,0,1300,1015,0,0,1,0,1,0,0
1104,7250,80.0,122820.0,86.0,0.0,0,1300,1040,0,0,1,0,0,0,1
1105,7450,77.0,122290.0,110.0,0.0,0,1600,1050,0,0,1,0,1,0,0
1106,7950,74.0,121900.0,110.0,1.0,0,1600,1035,0,0,1,0,0,1,0
1107,7250,56.0,121545.0,110.0,1.0,0,1600,1070,0,0,1,0,0,0,1
1108,8250,71.0,120474.0,72.0,1.0,0,2000,1115,0,1,0,0,1,0,0
1109,8950,76.0,120263.0,72.0,1.0,0,2000,1135,0,1,0,0,0,0,1
1110,7750,74.0,120196.0,110.0,1.0,0,1600,1050,0,0,1,0,1,0,0
1111,8500,71.0,120000.0,110.0,0.0,0,1600,1085,0,0,1,0,0,0,1
1112,7750,78.0,120000.0,110.0,0.0,0,1600,1075,0,0,1,0,0,0,1
1113,5750,73.0,115877.0,110.0,0.0,0,1600,1035,0,0,1,0,0,1,0
1114,6900,76.0,115345.0,110.0,1.0,0,1600,1070,0,0,1,0,0,0,1
1115,6500,56.0,115157.0,110.0,1.0,0,1600,1050,0,0,1,0,1,0,0
1116,6500,78.0,115000.0,107.0,1.0,1,1600,1100,0,0,1,0,0,0,1
1117,7600,77.0,114258.0,86.0,1.0,0,1300,1050,0,0,1,0,0,0,1
1118,8950,73.0,112963.0,72.0,1.0,0,2000,1135,0,1,0,0,0,0,1
1119,7450,74.0,112307.0,110.0,1.0,0,1600,1070,0,0,1,0,0,0,1
1120,7350,72.0,63634.0,86.0,1.0,0,1300,1015,0,0,1,0,1,0,0
1121,7750,73.0,111602.0,86.0,1.0,0,1300,1015,0,0,1,0,1,0,0
1122,7460,80.0,111392.0,110.0,0.0,0,1598,1083,1,0,0,0,1,0,0
1123,9250,76.0,110901.0,110.0,1.0,0,1600,1085,0,0,1,0,0,0,1
1124,7250,80.0,110887.0,110.0,1.0,0,1600,1055,0,0,1,0,1,0,0
1125,6500,72.0,110634.0,86.0,1.0,0,1300,1015,0,0,1,0,1,0,0
1126,6800,80.0,110000.0,110.0,1.0,0,1600,1035,0,0,1,0,0,1,0
1127,8700,75.0,109540.0,110.0,0.0,0,1600,1085,0,0,1,0,0,0,1
1128,7500,56.0,109263.0,110.0,0.0,0,1600,1070,0,0,1,0,0,0,1
1129,7750,71.0,107516.0,110.0,1.0,0,1600,1050,0,0,1,0,1,0,0
1130,7950,73.0,107108.0,110.0,1.0,0,1600,1050,0,0,1,0,1,0,0
1131,9950,75.0,107000.0,110.0,1.0,0,1600,1050,0,0,1,0,1,0,0
1132,6640,74.0,106250.0,110.0,0.0,0,1600,1070,0,0,1,0,0,0,1
1133,8750,71.0,106150.0,86.0,0.0,0,1300,1015,0,0,1,0,1,0,0
1134,7750,72.0,106108.0,110.0,1.0,0,1600,1050,0,0,1,0,1,0,0
1135,5950,72.0,105856.0,86.0,0.0,0,1300,1015,0,0,1,0,1,0,0
1136,6750,77.0,105152.0,86.0,0.0,0,1300,1015,0,0,1,0,1,0,0
1137,6500,80.0,105135.0,110.0,1.0,0,1600,1050,0,0,1,0,1,0,0
1138,8750,76.0,104344.0,110.0,1.0,0,1600,1050,0,0,1,0,1,0,0
1139,7950,74.0,104150.0,110.0,1.0,0,1600,1050,0,0,1,0,1,0,0
1140,6750,74.0,104000.0,86.0,1.0,0,1300,1010,0,0,1,0,1,0,0
1141,7950,73.0,103121.0,86.0,1.0,0,1300,1035,0,0,1,0,0,0,1
1142,7950,80.0,102300.0,86.0,1.0,0,1300,1015,0,0,1,0,1,0,0
1143,8950,75.0,102005.0,107.0,1.0,1,1600,1105,0,0,1,0,0,0,1
1144,7750,77.0,102000.0,86.0,1.0,0,1300,1015,0,0,1,0,1,0,0
1145,6450,75.0,101855.0,110.0,1.0,0,1600,1070,0,0,1,0,0,0,1
1146,6900,74.0,101773.0,110.0,0.0,0,1600,1050,0,0,1,0,1,0,0
1147,8450,75.0,101159.0,110.0,1.0,0,1600,1085,0,0,1,0,0,0,1
1148,6750,74.0,101000.0,86.0,0.0,0,1300,1015,0,0,1,0,1,0,0
1149,8050,74.0,100732.0,86.0,1.0,1,1300,1030,0,0,1,0,0,1,0
1150,9500,79.0,100719.0,110.0,0.0,0,1600,1070,0,0,1,0,0,0,1
1151,7750,78.0,100487.0,110.0,0.0,0,1600,1035,0,0,1,0,0,1,0
1152,8500,80.0,100458.0,110.0,0.0,0,1600,1085,0,0,1,0,0,0,1
1153,7795,75.0,100192.0,110.0,1.0,0,1600,1050,0,0,1,0,1,0,0
1154,6490,80.0,100123.0,110.0,1.0,0,1600,1050,0,0,1,0,1,0,0
1155,7950,73.0,99971.0,110.0,1.0,0,1600,1050,0,0,1,0,1,0,0
1156,6425,79.0,99397.0,86.0,0.0,0,1300,1035,0,0,1,0,0,0,1
1157,8950,69.0,99374.0,86.0,1.0,0,1300,1035,0,0,1,0,0,0,1
1158,6950,72.0,99245.0,110.0,1.0,0,1600,1114,0,0,1,0,0,0,1
1159,8750,79.0,98742.0,110.0,0.0,0,1600,1085,0,0,1,0,0,0,1
1160,8450,71.0,98154.0,110.0,1.0,0,1600,1050,0,0,1,0,1,0,0
1161,7950,77.0,98000.0,110.0,1.0,0,1600,1065,0,0,1,0,0,0,1
1162,7950,80.0,97548.0,86.0,0.0,0,1300,1035,0,0,1,0,0,0,1
1163,8900,78.0,97534.0,110.0,1.0,0,1600,1070,0,0,1,0,0,0,1
1164,8950,73.0,97494.0,110.0,1.0,0,1600,1085,0,0,1,0,0,0,1
1165,8900,73.0,97085.0,110.0,1.0,0,1600,1085,0,0,1,0,0,0,1
1166,7950,69.0,97000.0,110.0,0.0,0,1600,1035,0,0,1,0,0,1,0
1167,6495,74.0,96302.0,86.0,1.0,0,1300,1015,0,0,1,0,1,0,0
1168,7250,78.0,96000.0,86.0,1.0,0,1300,1015,0,0,1,0,1,0,0
1169,9250,56.0,96000.0,110.0,1.0,0,1600,1085,0,0,1,0,0,0,1
1170,6650,78.0,95909.0,110.0,1.0,0,1600,1070,0,0,1,0,0,0,1
1171,6990,79.0,95700.0,110.0,0.0,0,1600,1085,0,0,1,0,0,0,1
1172,7750,78.0,95651.0,110.0,1.0,0,1600,1070,0,0,1,0,0,0,1
1173,6950,79.0,95000.0,86.0,1.0,0,1300,1035,0,0,1,0,0,0,1
1174,7250,80.0,94447.0,110.0,0.0,0,1600,1050,0,0,1,0,1,0,0
1175,9950,56.0,94079.0,110.0,1.0,0,1600,1085,0,0,1,0,0,0,1
1176,9250,56.0,93841.0,110.0,0.0,0,1600,1070,0,0,1,0,0,0,1
1177,7200,79.0,93090.0,86.0,1.0,0,1300,1035,0,0,1,0,0,0,1
1178,8250,72.0,93066.0,110.0,1.0,0,1600,1075,0,0,1,0,0,0,1
1179,8950,79.0,93039.0,110.0,1.0,0,1600,1050,0,0,1,0,1,0,0
1180,8250,77.0,93000.0,110.0,1.0,0,1600,1075,0,0,1,0,0,0,1
1181,6250,80.0,92830.0,86.0,1.0,0,1300,1015,0,0,1,0,1,0,0
1182,9900,80.0,92255.0,107.0,0.0,1,1600,1105,0,0,1,0,0,0,1
1183,7300,80.0,92096.0,86.0,1.0,0,1300,1035,0,0,1,0,0,0,1
1184,8950,72.0,91921.0,86.0,1.0,0,1300,1020,0,0,1,0,1,0,0
1185,6500,70.0,91900.0,86.0,1.0,0,1300,1015,0,0,1,0,1,0,0
1186,7950,78.0,91399.0,110.0,1.0,0,1600,1070,0,0,1,0,0,0,1
1187,7450,75.0,91082.0,110.0,1.0,0,1600,1050,0,0,1,0,1,0,0
1188,7950,71.0,90370.0,86.0,1.0,0,1300,1035,0,0,1,0,0,0,1
1189,8500,78.0,90345.0,86.0,1.0,0,1300,1035,0,0,1,0,0,0,1
1190,6950,77.0,90305.0,86.0,1.0,0,1300,1015,0,0,1,0,1,0,0
1191,7950,78.0,90011.0,86.0,0.0,1,1300,1045,0,0,1,0,1,0,0
1192,6750,77.0,90000.0,86.0,1.0,0,1300,1015,0,0,1,0,1,0,0
1193,8450,70.0,89983.0,110.0,0.0,0,1600,1055,0,0,1,0,1,0,0
1194,7500,78.0,89953.0,110.0,0.0,0,1600,1114,0,0,1,0,0,0,1
1195,8750,74.0,89800.0,72.0,1.0,0,2000,1115,0,1,0,0,1,0,0
1196,8750,79.0,89739.0,86.0,1.0,0,1300,1035,0,0,1,0,0,0,1
1197,8950,76.0,89520.0,110.0,1.0,0,1600,1050,0,0,1,0,1,0,0
1198,7450,56.0,89507.0,86.0,0.0,0,1300,1015,0,0,1,0,1,0,0
1199,9200,69.0,89096.0,110.0,1.0,0,1600,1085,0,0,1,0,0,0,1
1200,8950,74.0,88700.0,110.0,1.0,0,1600,1050,0,0,1,0,1,0,0
1201,7850,72.0,88500.0,110.0,1.0,0,1600,1075,0,0,1,0,0,0,1
1202,6950,73.0,88186.0,72.0,1.0,0,2000,1115,0,1,0,0,1,0,0
1203,7200,75.0,88000.0,110.0,1.0,0,1600,1050,0,0,1,0,1,0,0
1204,7450,78.0,87743.0,110.0,0.0,0,1600,1055,0,0,1,0,1,0,0
1205,6750,75.0,87613.0,86.0,0.0,0,1300,1015,0,0,1,0,1,0,0
1206,7500,73.0,87358.0,110.0,1.0,0,1600,1050,0,0,1,0,1,0,0
1207,7450,56.0,87083.0,110.0,0.0,0,1600,1035,0,0,1,0,0,1,0
1208,7950,70.0,87000.0,110.0,1.0,0,1600,1035,0,0,1,0,0,1,0
1209,7250,78.0,87000.0,110.0,1.0,0,1600,1035,0,0,1,0,0,1,0
1210,7950,56.0,87000.0,86.0,1.0,0,1300,1015,0,0,1,0,1,0,0
1211,8250,80.0,87000.0,86.0,1.0,0,1300,1015,0,0,1,0,1,0,0
1212,8250,72.0,86860.0,110.0,0.0,0,1600,1075,0,0,1,0,0,0,1
1213,6750,80.0,86109.0,110.0,1.0,0,1600,1055,0,0,1,0,1,0,0
1214,8750,79.0,86000.0,86.0,1.0,0,1300,1040,0,0,1,0,0,0,1
1215,8950,80.0,86000.0,110.0,0.0,0,1600,1050,0,0,1,0,1,0,0
1216,8500,70.0,85864.0,72.0,1.0,0,2000,1135,0,1,0,0,0,0,1
1217,8250,80.0,85565.0,110.0,0.0,0,1600,1070,0,0,1,0,0,0,1
1218,9450,70.0,85470.0,107.0,0.0,1,1600,1080,0,0,1,0,1,0,0
1219,7950,73.0,85200.0,110.0,1.0,0,1600,1050,0,0,1,0,1,0,0
1220,7900,70.0,85000.0,110.0,1.0,0,1600,1055,0,0,1,0,1,0,0
1221,8500,73.0,84988.0,110.0,1.0,0,1600,1050,0,0,1,0,1,0,0
1222,8250,79.0,84966.0,110.0,0.0,0,1600,1070,0,0,1,0,0,0,1
1223,8250,76.0,84472.0,110.0,1.0,0,1600,1070,0,0,1,0,0,0,1
1224,8950,73.0,84402.0,110.0,1.0,0,1600,1035,0,0,1,0,0,1,0
1225,7950,74.0,84123.0,110.0,0.0,0,1600,1050,0,0,1,0,1,0,0
1226,6950,56.0,84000.0,110.0,0.0,0,1600,1075,0,0,1,0,0,0,1
1227,7250,78.0,84000.0,110.0,1.0,0,1600,1065,0,0,1,0,0,0,1
1228,7750,77.0,84000.0,110.0,1.0,0,1600,1085,0,0,1,0,0,0,1
1229,8700,75.0,83850.0,110.0,1.0,0,1600,1055,0,0,1,0,1,0,0
1230,8950,56.0,83540.0,110.0,1.0,0,1600,1070,0,0,1,0,0,0,1
1231,6750,76.0,83405.0,110.0,1.0,0,1600,1070,0,0,1,0,0,0,1
1232,7500,71.0,83291.0,110.0,1.0,0,1600,1070,0,0,1,0,0,0,1
1233,7950,69.0,83133.0,86.0,0.0,0,1300,1015,0,0,1,0,1,0,0
1234,8950,71.0,83047.0,86.0,1.0,1,1300,1045,0,0,1,0,1,0,0
1235,7950,71.0,82700.0,110.0,0.0,0,1600,1050,0,0,1,0,1,0,0
1236,7450,56.0,82675.0,86.0,0.0,0,1300,1015,0,0,1,0,1,0,0
1237,5950,78.0,82595.0,86.0,1.0,0,1300,1015,0,0,1,0,1,0,0
1238,7750,75.0,82256.0,110.0,1.0,0,1600,1050,0,0,1,0,1,0,0
1239,6950,77.0,82103.0,86.0,1.0,0,1300,1015,0,0,1,0,1,0,0
1240,8750,80.0,82021.0,86.0,1.0,0,1300,1035,0,0,1,0,0,0,1
1241,8950,71.0,82000.0,110.0,1.0,0,1600,1075,0,0,1,0,0,0,1
1242,7495,79.0,81988.0,110.0,1.0,0,1600,1070,0,0,1,0,0,0,1
1243,7750,76.0,81930.0,110.0,1.0,0,1600,1070,0,0,1,0,0,0,1
1244,6950,70.0,81663.0,110.0,0.0,0,1600,1050,0,0,1,0,1,0,0
1245,7990,77.0,80486.0,101.0,1.0,0,1600,1070,0,0,1,0,0,0,1
1246,7250,78.0,80000.0,110.0,1.0,0,1600,1065,0,0,1,0,0,1,0
1247,6900,69.0,79000.0,86.0,0.0,0,1300,1015,0,0,1,0,1,0,0
1248,7750,74.0,78894.0,110.0,0.0,0,1600,1070,0,0,1,0,0,0,1
1249,7250,56.0,78689.0,110.0,0.0,0,1600,1035,0,0,1,0,0,1,0
1250,8950,77.0,78435.0,86.0,0.0,0,1300,1015,0,0,1,0,1,0,0
1251,8500,71.0,78260.0,110.0,0.0,0,1600,1050,0,0,1,0,1,0,0
1252,7950,72.0,78120.0,110.0,1.0,0,1600,1075,0,0,1,0,0,0,1
1253,6950,77.0,77000.0,86.0,1.0,0,1300,1015,0,0,1,0,1,0,0
1254,8000,56.0,77000.0,110.0,0.0,0,1600,1050,0,0,1,0,1,0,0
1255,7950,75.0,76382.0,110.0,1.0,0,1600,1055,0,0,1,0,1,0,0
1256,8500,76.0,76268.0,86.0,1.0,0,1300,1015,0,0,1,0,1,0,0
1257,7490,73.0,76151.0,86.0,1.0,0,1300,1015,0,0,1,0,1,0,0
1258,8250,80.0,76000.0,110.0,1.0,0,1600,1050,0,0,1,0,1,0,0
1259,9250,71.0,76000.0,110.0,1.0,0,1600,1070,0,0,1,0,0,0,1
1260,7950,72.0,75840.0,86.0,0.0,0,1300,1035,0,0,1,0,0,0,1
1261,9500,77.0,75799.0,110.0,1.0,0,1600,1050,0,0,1,0,1,0,0
1262,8950,72.0,75525.0,110.0,1.0,0,1600,1114,0,0,1,0,1,0,0
1263,8450,78.0,75323.0,86.0,1.0,0,1300,1050,0,0,1,0,0,0,1
1264,7995,79.0,75322.0,110.0,1.0,0,1600,1115,0,0,1,0,0,1,0
1265,8750,78.0,75226.0,110.0,0.0,0,1600,1035,0,0,1,0,0,1,0
1266,5950,71.0,75085.0,86.0,0.0,0,1300,1035,0,0,1,0,0,0,1
1267,8500,73.0,75000.0,110.0,0.0,0,1600,1075,0,0,1,0,0,0,1
1268,8950,69.0,75000.0,86.0,1.0,0,1300,1000,0,0,1,0,0,1,0
1269,8750,69.0,75000.0,86.0,1.0,0,1300,1000,0,0,1,0,0,1,0
1270,7600,78.0,74926.0,110.0,1.0,0,1600,1075,0,0,1,0,0,0,1
1271,7145,80.0,74785.0,110.0,1.0,0,1600,1070,0,0,1,0,0,0,1
1272,8450,69.0,74573.0,110.0,1.0,0,1600,1085,0,0,1,0,0,0,1
1273,5950,56.0,74567.0,86.0,1.0,0,1300,1015,0,0,1,0,1,0,0
1274,9000,80.0,74196.0,110.0,1.0,0,1600,1075,0,0,1,0,0,0,1
1275,7250,80.0,74151.0,110.0,1.0,0,1600,1050,0,0,1,0,1,0,0
1276,7400,75.0,74096.0,110.0,1.0,0,1600,1050,0,0,1,0,1,0,0
1277,8800,79.0,74093.0,110.0,1.0,0,1600,1075,0,0,1,0,0,0,1
1278,7750,71.0,74000.0,110.0,0.0,0,1600,1050,0,0,1,0,1,0,0
1279,7500,75.0,74000.0,86.0,1.0,0,1300,1015,0,0,1,0,1,0,0
1280,8450,78.0,73638.0,86.0,1.0,1,1300,1015,0,0,1,0,0,1,0
1281,7400,56.0,73460.0,110.0,1.0,0,1600,1070,0,0,1,0,0,0,1
1282,7500,80.0,73200.0,110.0,1.0,0,1600,1070,0,0,1,0,0,0,1
1283,8950,76.0,73116.0,110.0,1.0,0,1600,1075,0,0,1,0,0,0,1
1284,8950,56.0,73014.0,110.0,1.0,0,1600,1075,0,0,1,0,0,0,1
1285,7950,77.0,72703.0,110.0,1.0,0,1600,1050,0,0,1,0,1,0,0
1286,7950,79.0,72328.0,110.0,1.0,0,1600,1075,0,0,1,0,0,0,1
1287,7950,78.0,72222.0,110.0,1.0,0,1600,1070,0,0,1,0,0,0,1
1288,8950,71.0,72128.0,107.0,1.0,1,1600,1100,0,0,1,0,0,0,1
1289,7750,78.0,72090.0,110.0,1.0,0,1600,1070,0,0,1,0,0,0,1
1290,8250,78.0,72000.0,110.0,1.0,0,1600,1035,0,0,1,0,0,1,0
1291,7950,78.0,72000.0,110.0,0.0,0,1600,1055,0,0,1,0,1,0,0
1292,7750,77.0,71900.0,86.0,1.0,0,1300,1015,0,0,1,0,1,0,0
1293,8500,77.0,71825.0,110.0,0.0,0,1600,1075,0,0,1,0,0,0,1
1294,6950,80.0,71740.0,110.0,1.0,0,1600,1070,0,0,1,0,0,0,1
1295,7500,80.0,71500.0,110.0,1.0,0,1600,1035,0,0,1,0,0,1,0
1296,7750,79.0,71359.0,110.0,1.0,0,1600,1050,0,0,1,0,1,0,0
1297,5950,79.0,71263.0,86.0,1.0,0,1300,1015,0,0,1,0,1,0,0
1298,7500,78.0,71186.0,110.0,0.0,0,1600,1050,0,0,1,0,1,0,0
1299,8950,72.0,71054.0,86.0,0.0,1,1300,1045,0,0,1,0,1,0,0
1300,7950,76.0,71000.0,110.0,1.0,0,1600,1050,0,0,1,0,1,0,0
1301,6900,80.0,70939.0,110.0,1.0,1,1600,1100,0,0,1,0,0,0,1
1302,7450,77.0,70932.0,110.0,1.0,0,1600,1050,0,0,1,0,1,0,0
1303,8500,80.0,70597.0,107.0,1.0,1,1600,1080,0,0,1,0,1,0,0
1304,7500,73.0,70482.0,110.0,1.0,0,1600,1075,0,0,1,0,0,0,1
1305,8750,77.0,70124.0,110.0,1.0,0,1600,1050,0,0,1,0,1,0,0
1306,7500,76.0,70039.0,110.0,1.0,0,1600,1050,0,0,1,0,1,0,0
1307,9950,80.0,69904.0,110.0,0.0,0,1600,1070,0,0,1,0,0,0,1
1308,7950,75.0,69388.0,86.0,0.0,0,1300,1010,0,0,1,0,1,0,0
1309,9950,75.0,69320.0,110.0,1.0,0,1600,1070,0,0,1,0,0,0,1
1310,9250,78.0,69000.0,110.0,1.0,0,1600,1075,0,0,1,0,0,0,1
1311,9250,73.0,68988.0,86.0,1.0,0,1300,1035,0,0,1,0,0,0,1
1312,9950,56.0,68945.0,110.0,1.0,0,1600,1085,0,0,1,0,0,0,1
1313,5950,74.0,68285.0,110.0,1.0,0,1600,1050,0,0,1,0,1,0,0
1314,7995,56.0,68000.0,110.0,1.0,0,1600,1075,0,0,1,0,0,0,1
1315,8950,56.0,68000.0,86.0,1.0,1,1300,1045,0,0,1,0,1,0,0
1316,7450,75.0,67451.0,86.0,1.0,0,1300,1000,0,0,1,0,0,1,0
1317,8250,56.0,67266.0,86.0,1.0,0,1300,1035,0,0,1,0,0,0,1
1318,8500,78.0,67255.0,110.0,0.0,0,1600,1085,0,0,1,0,0,0,1
1319,8500,70.0,67100.0,110.0,1.0,0,1600,1075,0,0,1,0,0,0,1
1320,9400,69.0,67092.0,72.0,1.0,0,2000,1115,0,1,0,0,1,0,0
1321,7250,80.0,66880.0,110.0,1.0,0,1600,1055,0,0,1,0,1,0,0
1322,8950,79.0,66855.0,110.0,1.0,0,1600,1075,0,0,1,0,0,0,1
1323,9450,80.0,66843.0,110.0,1.0,0,1600,1075,0,0,1,0,0,0,1
1324,8500,74.0,66718.0,110.0,1.0,0,1600,1050,0,0,1,0,1,0,0
1325,6750,80.0,66168.0,86.0,1.0,0,1300,1015,0,0,1,0,1,0,0
1326,7400,80.0,65950.0,110.0,0.0,0,1600,1070,0,0,1,0,0,0,1
1327,8950,78.0,65500.0,86.0,1.0,0,1300,1015,0,0,1,0,1,0,0
1328,6900,80.0,65307.0,110.0,1.0,0,1600,1055,0,0,1,0,1,0,0
1329,7750,79.0,65254.0,86.0,1.0,0,1300,1015,0,0,1,0,1,0,0
1330,8950,71.0,65021.0,72.0,1.0,0,2000,1115,0,1,0,0,1,0,0
1331,6950,75.0,65006.0,86.0,1.0,0,1300,1015,0,0,1,0,1,0,0
1332,8495,77.0,64280.0,110.0,0.0,0,1600,1035,0,0,1,0,0,1,0
1333,10000,75.0,64000.0,107.0,0.0,1,1600,1085,0,0,1,0,1,0,0
1334,6999,71.0,64000.0,110.0,1.0,0,1600,1070,0,0,1,0,0,0,1
1335,8950,80.0,64000.0,110.0,0.0,0,1600,1055,0,0,1,0,1,0,0
1336,8500,79.0,63918.0,110.0,1.0,0,1600,1035,0,0,1,0,0,1,0
1337,8750,75.0,63634.0,110.0,1.0,0,1600,1035,0,0,1,0,0,1,0
1338,7499,80.0,63500.0,110.0,1.0,0,1600,1050,0,0,1,0,1,0,0
1339,9000,56.0,63266.0,110.0,1.0,0,1600,1035,0,0,1,0,0,1,0
1340,8950,77.0,62595.0,110.0,1.0,0,1600,1050,0,0,1,0,1,0,0
1341,6950,80.0,62581.0,110.0,0.0,0,1600,1075,0,0,1,0,0,0,1
1342,8500,77.0,62285.0,110.0,1.0,0,1600,1075,0,0,1,0,0,0,1
1343,8450,77.0,61906.0,86.0,1.0,1,1300,1065,0,0,1,0,0,0,1
1344,8950,74.0,61700.0,110.0,0.0,0,1600,1070,0,0,1,0,0,0,1
1345,8250,77.0,61648.0,110.0,1.0,0,1600,1070,0,0,1,0,0,0,1
1346,7950,75.0,61626.0,86.0,0.0,0,1300,1035,0,0,1,0,0,0,1
1347,7450,70.0,61510.0,110.0,0.0,0,1600,1035,0,0,1,0,0,1,0
1348,9000,79.0,61165.0,107.0,1.0,1,1600,1080,0,0,1,0,1,0,0
1349,7150,70.0,61000.0,110.0,1.0,0,1600,1035,0,0,1,0,0,1,0
1350,7750,76.0,60833.0,110.0,1.0,0,1600,1035,0,0,1,0,0,1,0
1351,5845,70.0,60600.0,86.0,0.0,0,1300,1060,0,0,1,0,1,0,0
1352,8500,72.0,60483.0,110.0,1.0,0,1600,1075,0,0,1,0,0,0,1
1353,8250,80.0,60476.0,110.0,1.0,0,1600,1114,0,0,1,0,0,0,1
1354,9450,79.0,60142.0,110.0,0.0,0,1600,1050,0,0,1,0,1,0,0
1355,6750,69.0,60050.0,110.0,1.0,0,1600,1050,0,0,1,0,1,0,0
1356,8400,77.0,60000.0,110.0,1.0,0,1600,1050,0,0,1,0,1,0,0
1357,7900,76.0,60000.0,110.0,0.0,0,1600,1050,0,0,1,0,1,0,0
1358,7950,76.0,59815.0,110.0,1.0,0,1587,1055,0,0,1,0,1,0,0
1359,8750,80.0,59326.0,110.0,1.0,0,1600,1085,0,0,1,0,0,0,1
1360,9900,73.0,59240.0,110.0,1.0,0,1600,1050,0,0,1,0,1,0,0
1361,6495,71.0,59164.0,110.0,0.0,0,1600,1035,0,0,1,0,0,1,0
1362,8250,70.0,59017.0,107.0,1.0,1,1600,1080,0,0,1,0,1,0,0
1363,6900,69.0,58952.0,110.0,1.0,0,1600,1050,0,0,1,0,1,0,0
1364,7500,74.0,58454.0,86.0,1.0,0,1300,1015,0,0,1,0,1,0,0
1365,7950,75.0,58341.0,86.0,1.0,1,1300,1030,0,0,1,0,0,1,0
1366,8250,80.0,58267.0,110.0,1.0,0,1600,1070,0,0,1,0,0,0,1
1367,8950,80.0,58000.0,110.0,0.0,0,1600,1055,0,0,1,0,1,0,0
1368,9750,70.0,57829.0,110.0,0.0,0,1600,1050,0,0,1,0,1,0,0
1369,8250,80.0,57787.0,86.0,0.0,0,1300,1015,0,0,1,0,1,0,0
1370,8900,78.0,57628.0,110.0,0.0,0,1600,1075,0,0,1,0,0,0,1
1371,8950,75.0,57537.0,86.0,1.0,0,1300,1050,0,0,1,0,0,0,1
1372,6750,76.0,57263.0,110.0,1.0,0,1600,1050,0,0,1,0,1,0,0
1373,7950,75.0,57144.0,110.0,1.0,0,1600,1070,0,0,1,0,0,0,1
1374,8600,69.0,57096.0,86.0,1.0,0,1300,1025,0,0,1,0,1,0,0
1375,7750,56.0,57000.0,86.0,0.0,0,1300,1000,0,0,1,0,0,1,0
1376,7800,56.0,56566.0,110.0,1.0,0,1600,1050,0,0,1,0,1,0,0
1377,8750,73.0,56307.0,110.0,1.0,0,1600,1050,0,0,1,0,1,0,0
1378,9500,79.0,56214.0,86.0,0.0,0,1300,1015,0,0,1,0,1,0,0
1379,7750,56.0,56132.0,110.0,0.0,0,1600,1035,0,0,1,0,0,1,0
1380,9950,79.0,55425.0,110.0,0.0,0,1600,1075,0,0,1,0,0,0,1
1381,7750,77.0,54439.0,86.0,1.0,0,1300,1015,0,0,1,0,1,0,0
1382,5950,69.0,53809.0,110.0,1.0,0,1600,1050,0,0,1,0,1,0,0
1383,10950,76.0,53133.0,110.0,1.0,0,1600,1070,0,0,1,0,0,0,1
1384,9450,77.0,52900.0,110.0,1.0,0,1600,1075,0,0,1,0,0,1,0
1385,8250,80.0,52700.0,110.0,0.0,0,1600,1050,0,0,1,0,1,0,0
1386,9750,69.0,52320.0,110.0,0.0,0,1600,1070,0,0,1,0,0,0,1
1387,7450,78.0,52287.0,110.0,0.0,0,1600,1114,0,0,1,0,0,0,1
1388,8750,75.0,52000.0,110.0,1.0,0,1600,1075,0,0,1,0,0,0,1
1389,8750,69.0,52000.0,110.0,1.0,0,1600,1050,0,0,1,0,1,0,0
1390,8500,73.0,52000.0,110.0,1.0,1,1600,1065,0,0,1,0,0,1,0
1391,8950,70.0,51874.0,86.0,0.0,0,1300,1000,0,0,1,0,0,1,0
1392,7500,79.0,49827.0,86.0,1.0,0,1300,1035,0,0,1,0,0,0,1
1393,7250,69.0,49640.0,110.0,1.0,0,1600,1035,0,0,1,0,0,1,0
1394,7450,80.0,49580.0,110.0,1.0,0,1600,1035,0,0,1,0,0,1,0
1395,8750,76.0,49170.0,86.0,1.0,0,1300,1045,0,0,1,0,1,0,0
1396,9800,77.0,48838.0,110.0,0.0,0,1600,1055,0,0,1,0,1,0,0
1397,7500,71.0,48576.0,86.0,1.0,0,1300,1015,0,0,1,0,1,0,0
1398,8950,75.0,48400.0,110.0,1.0,0,1600,1075,0,0,1,0,0,0,1
1399,8950,74.0,48242.0,86.0,1.0,0,1300,1035,0,0,1,0,0,0,1
1400,7450,70.0,47955.0,110.0,1.0,0,1600,1070,0,0,1,0,0,0,1
1401,8950,71.0,47633.0,110.0,1.0,0,1600,1075,0,0,1,0,0,0,1
1402,10500,56.0,47400.0,86.0,1.0,0,1300,1040,0,0,1,0,0,0,1
1403,7000,73.0,47360.0,86.0,0.0,0,1300,1010,0,0,1,0,1,0,0
1404,8500,77.0,45507.0,110.0,1.0,0,1600,1050,0,0,1,0,1,0,0
1405,7750,76.0,45410.0,86.0,1.0,0,1300,1035,0,0,1,0,0,0,1
1406,8950,70.0,44850.0,110.0,1.0,0,1600,1050,0,0,1,0,1,0,0
1407,8250,69.0,44826.0,110.0,0.0,0,1600,1075,0,0,1,0,0,0,1
1408,9250,56.0,44444.0,110.0,1.0,0,1600,1050,0,0,1,0,1,0,0
1409,7900,75.0,43720.0,110.0,1.0,0,1600,1070,0,0,1,0,0,0,1
1410,8500,78.0,43622.0,86.0,1.0,0,1300,1000,0,0,1,0,0,1,0
1411,7950,76.0,43532.0,110.0,0.0,0,1600,1070,0,0,1,0,0,0,1
1412,9950,69.0,42800.0,110.0,1.0,0,1600,1050,0,0,1,0,1,0,0
1413,8750,74.0,42317.0,107.0,1.0,1,1600,1100,0,0,1,0,0,0,1
1414,7500,80.0,42186.0,110.0,1.0,0,1600,1050,0,0,1,0,1,0,0
1415,6950,72.0,42000.0,110.0,1.0,0,1600,1050,0,0,1,0,1,0,0
1416,8950,56.0,40093.0,110.0,0.0,0,1600,1114,0,0,1,0,0,0,1
1417,8750,79.0,39800.0,107.0,0.0,1,1600,1080,0,0,1,0,1,0,0
1418,7750,73.0,39168.0,86.0,1.0,0,1300,1015,0,0,1,0,1,0,0
1419,8450,75.0,38945.0,110.0,1.0,0,1600,1050,0,0,1,0,1,0,0
1420,8150,76.0,36537.0,110.0,0.0,1,1600,1075,0,0,1,0,0,1,0
1421,8500,78.0,63634.0,86.0,0.0,1,1300,1045,0,0,1,0,1,0,0
1422,7600,56.0,36000.0,110.0,1.0,0,1600,1050,0,0,1,0,1,0,0
1423,7950,80.0,35821.0,86.0,0.0,1,1300,1015,0,0,1,0,1,0,0
1424,7750,73.0,34717.0,86.0,0.0,0,1300,1015,0,0,1,0,1,0,0
1425,7950,80.0,63634.0,86.0,1.0,0,1300,1000,0,0,1,0,0,1,0
1426,9950,78.0,30964.0,110.0,1.0,1,1600,1080,0,0,1,0,1,0,0
1427,8950,56.0,29000.0,86.0,1.0,1,1300,1045,0,0,1,0,1,0,0
1428,8450,72.0,63634.0,86.0,1.0,0,1300,1015,0,0,1,0,1,0,0
1429,8950,78.0,24000.0,86.0,1.0,1,1300,1065,0,0,1,0,0,0,1
1430,8450,80.0,23000.0,86.0,0.0,0,1300,1015,0,0,1,0,1,0,0
1431,7500,56.0,20544.0,86.0,1.0,0,1300,1025,0,0,1,0,1,0,0
1432,10845,72.0,63634.0,86.0,0.0,0,1300,1015,0,0,1,0,1,0,0
1433,8500,56.0,17016.0,86.0,0.0,0,1300,1015,0,0,1,0,1,0,0
1434,7250,70.0,63634.0,86.0,1.0,0,1300,1015,0,0,1,0,1,0,0
1435,6950,76.0,1.0,110.0,0.0,0,1600,1114,0,0,1,0,0,0,1
